result_no	generate_no	e_no	card_id	chain	success	miss	no_apply	sum	rate	
11	0	0	477	-1	17	1	0	18	0.944444444444444
11	0	0	477	1	13	0	0	13	1
11	0	0	477	2	1	1	0	2	0.5
11	0	0	477	3	2	0	0	2	1
11	0	0	477	5	1	0	0	1	1
11	0	0	1342	-1	11	0	0	11	1
11	0	0	1342	1	5	0	0	5	1
11	0	0	1342	2	1	0	0	1	1
11	0	0	1342	4	1	0	0	1	1
11	0	0	1342	5	1	0	0	1	1
11	0	0	1342	6	1	0	0	1	1
11	0	0	1342	8	1	0	0	1	1
11	0	0	1342	10	1	0	0	1	1
11	0	0	1024	-1	50	7	7	57	0.87719298245614
11	0	0	1024	0	50	7	7	57	0.87719298245614
11	0	0	436	-1	22	12	0	34	0.647058823529412
11	0	0	436	1	10	4	0	14	0.714285714285714
11	0	0	436	2	7	4	0	11	0.636363636363636
11	0	0	436	3	1	3	0	4	0.25
11	0	0	436	4	0	1	0	1	0
11	0	0	436	7	4	0	0	4	1
11	0	0	1796	-1	22	2	0	24	0.916666666666667
11	0	0	1796	1	16	1	0	17	0.941176470588235
11	0	0	1796	2	2	1	0	3	0.666666666666667
11	0	0	1796	3	2	0	0	2	1
11	0	0	1796	11	2	0	0	2	1
11	0	0	867	-1	19	14	0	33	0.575757575757576
11	0	0	867	1	9	3	0	12	0.75
11	0	0	867	2	10	11	0	21	0.476190476190476
11	0	0	2094	-1	15	0	0	15	1
11	0	0	2094	4	5	0	0	5	1
11	0	0	2094	5	10	0	0	10	1
11	0	0	910	-1	778	415	0	1193	0.652137468566639
11	0	0	910	1	230	187	0	417	0.551558752997602
11	0	0	910	2	121	92	0	213	0.568075117370892
11	0	0	910	3	98	33	0	131	0.748091603053435
11	0	0	910	4	63	23	0	86	0.732558139534884
11	0	0	910	5	77	33	0	110	0.7
11	0	0	910	6	61	16	0	77	0.792207792207792
11	0	0	910	7	34	11	0	45	0.755555555555556
11	0	0	910	8	54	4	0	58	0.931034482758621
11	0	0	910	9	23	10	0	33	0.696969696969697
11	0	0	910	10	8	0	0	8	1
11	0	0	910	11	4	3	0	7	0.571428571428571
11	0	0	910	13	3	3	0	6	0.5
11	0	0	910	15	2	0	0	2	1
11	0	0	1798	-1	191	45	0	236	0.809322033898305
11	0	0	1798	1	18	15	0	33	0.545454545454545
11	0	0	1798	2	54	13	0	67	0.805970149253731
11	0	0	1798	3	62	13	0	75	0.826666666666667
11	0	0	1798	4	6	0	0	6	1
11	0	0	1798	5	25	2	0	27	0.925925925925926
11	0	0	1798	6	10	0	0	10	1
11	0	0	1798	11	16	2	0	18	0.888888888888889
11	0	0	2909	-1	36	13	0	49	0.73469387755102
11	0	0	2909	1	10	2	0	12	0.833333333333333
11	0	0	2909	2	14	8	0	22	0.636363636363636
11	0	0	2909	3	12	3	0	15	0.8
11	0	0	2909	13	0	0	0	0	0
11	0	0	952	-1	198	9	0	207	0.956521739130435
11	0	0	952	0	198	9	0	207	0.956521739130435
11	0	0	690	-1	137	130	72	267	0.51310861423221
11	0	0	690	0	137	130	72	267	0.51310861423221
11	0	0	2446	-1	651	128	2	779	0.835686777920411
11	0	0	2446	0	651	128	2	779	0.835686777920411
11	0	0	223	-1	3	3	0	6	0.5
11	0	0	223	0	3	3	0	6	0.5
11	0	0	1799	-1	0	0	0	0	0
11	0	0	1799	0	0	0	0	0	0
11	0	0	2643	-1	0	0	0	0	0
11	0	0	2643	0	0	0	0	0	0
11	0	0	586	-1	141	133	0	274	0.514598540145985
11	0	0	586	1	71	68	0	139	0.510791366906475
11	0	0	586	2	11	22	0	33	0.333333333333333
11	0	0	586	3	10	12	0	22	0.454545454545455
11	0	0	586	4	19	18	0	37	0.513513513513513
11	0	0	586	5	13	5	0	18	0.722222222222222
11	0	0	586	6	12	8	0	20	0.6
11	0	0	586	8	5	0	0	5	1
11	0	0	659	-1	45	50	109	95	0.473684210526316
11	0	0	659	0	45	50	109	95	0.473684210526316
11	0	0	1376	-1	94	55	150	149	0.630872483221476
11	0	0	1376	0	94	55	150	149	0.630872483221476
11	0	0	2474	-1	31	16	67	47	0.659574468085106
11	0	0	2474	0	31	16	67	47	0.659574468085106
11	0	0	1138	-1	173	76	0	249	0.694779116465863
11	0	0	1138	1	64	26	0	90	0.711111111111111
11	0	0	1138	2	40	25	0	65	0.615384615384615
11	0	0	1138	3	19	2	0	21	0.904761904761905
11	0	0	1138	4	15	8	0	23	0.652173913043478
11	0	0	1138	5	8	4	0	12	0.666666666666667
11	0	0	1138	6	11	4	0	15	0.733333333333333
11	0	0	1138	7	6	3	0	9	0.666666666666667
11	0	0	1138	8	3	2	0	5	0.6
11	0	0	1138	10	7	2	0	9	0.777777777777778
11	0	0	15	-1	226	287	354	513	0.440545808966862
11	0	0	15	0	226	287	354	513	0.440545808966862
11	0	0	1702	-1	699	171	237	870	0.803448275862069
11	0	0	1702	0	699	171	237	870	0.803448275862069
11	0	0	2823	-1	81	32	31	113	0.716814159292035
11	0	0	2823	0	81	32	31	113	0.716814159292035
11	0	0	1249	-1	289	374	0	663	0.435897435897436
11	0	0	1249	0	289	374	0	663	0.435897435897436
11	0	0	2409	-1	191	105	0	296	0.64527027027027
11	0	0	2409	0	191	105	0	296	0.64527027027027
11	0	0	911	-1	758	617	0	1375	0.551272727272727
11	0	0	911	0	758	617	0	1375	0.551272727272727
11	0	0	2053	-1	142	72	0	214	0.663551401869159
11	0	0	2053	0	142	72	0	214	0.663551401869159
11	0	0	478	-1	42	15	0	57	0.736842105263158
11	0	0	478	1	34	10	0	44	0.772727272727273
11	0	0	478	2	8	2	0	10	0.8
11	0	0	478	4	0	3	0	3	0
11	0	0	1565	-1	22	2	0	24	0.916666666666667
11	0	0	1565	1	9	1	0	10	0.9
11	0	0	1565	2	4	0	0	4	1
11	0	0	1565	3	4	0	0	4	1
11	0	0	1565	4	3	1	0	4	0.75
11	0	0	1565	5	2	0	0	2	1
11	0	0	2457	-1	1	0	0	1	1
11	0	0	2457	1	1	0	0	1	1
11	0	0	283	-1	721	169	0	890	0.810112359550562
11	0	0	283	1	185	47	0	232	0.797413793103448
11	0	0	283	2	118	41	0	159	0.742138364779874
11	0	0	283	3	117	19	0	136	0.860294117647059
11	0	0	283	4	118	25	0	143	0.825174825174825
11	0	0	283	5	82	18	0	100	0.82
11	0	0	283	6	30	8	0	38	0.789473684210526
11	0	0	283	7	29	4	0	33	0.878787878787879
11	0	0	283	8	14	2	0	16	0.875
11	0	0	283	9	7	4	0	11	0.636363636363636
11	0	0	283	10	11	1	0	12	0.916666666666667
11	0	0	283	12	3	0	0	3	1
11	0	0	283	13	4	0	0	4	1
11	0	0	283	17	3	0	0	3	1
11	0	0	1797	-1	250	27	0	277	0.902527075812274
11	0	0	1797	1	134	10	0	144	0.930555555555556
11	0	0	1797	2	39	10	0	49	0.795918367346939
11	0	0	1797	3	41	6	0	47	0.872340425531915
11	0	0	1797	5	20	0	0	20	1
11	0	0	1797	6	8	1	0	9	0.888888888888889
11	0	0	1797	8	4	0	0	4	1
11	0	0	1797	13	4	0	0	4	1
11	0	0	2908	-1	54	0	0	54	1
11	0	0	2908	1	36	0	0	36	1
11	0	0	2908	2	18	0	0	18	1
11	0	0	1477	-1	59	0	0	59	1
11	0	0	1477	0	59	0	0	59	1
11	0	0	54	-1	9	0	0	9	1
11	0	0	54	0	9	0	0	9	1
11	0	0	1415	-1	455	58	3	513	0.886939571150097
11	0	0	1415	0	455	58	3	513	0.886939571150097
11	0	0	2674	-1	12	2	0	14	0.857142857142857
11	0	0	2674	0	12	2	0	14	0.857142857142857
11	0	0	222	-1	1	1	0	2	0.5
11	0	0	222	0	1	1	0	2	0.5
11	0	0	1503	-1	0	0	0	0	0
11	0	0	1503	0	0	0	0	0	0
11	0	0	2642	-1	0	0	0	0	0
11	0	0	2642	0	0	0	0	0	0
11	0	0	585	-1	80	49	0	129	0.62015503875969
11	0	0	585	1	25	15	0	40	0.625
11	0	0	585	2	6	5	0	11	0.545454545454545
11	0	0	585	3	15	9	0	24	0.625
11	0	0	585	4	20	8	0	28	0.714285714285714
11	0	0	585	5	10	6	0	16	0.625
11	0	0	585	6	1	4	0	5	0.2
11	0	0	585	9	3	2	0	5	0.6
11	0	0	1808	-1	13	8	0	21	0.619047619047619
11	0	0	1808	1	9	2	0	11	0.818181818181818
11	0	0	1808	3	3	4	0	7	0.428571428571429
11	0	0	1808	8	0	1	0	1	0
11	0	0	1808	14	1	1	0	2	0.5
11	0	0	20	-1	15	2	20	17	0.882352941176471
11	0	0	20	0	15	2	20	17	0.882352941176471
11	0	0	1097	-1	40	5	60	45	0.888888888888889
11	0	0	1097	0	40	5	60	45	0.888888888888889
11	0	0	2212	-1	15	0	42	15	1
11	0	0	2212	0	15	0	42	15	1
11	0	0	720	-1	123	44	0	167	0.736526946107784
11	0	0	720	1	41	15	0	56	0.732142857142857
11	0	0	720	2	34	16	0	50	0.68
11	0	0	720	3	28	11	0	39	0.717948717948718
11	0	0	720	4	4	1	0	5	0.8
11	0	0	720	5	9	0	0	9	1
11	0	0	720	6	2	0	0	2	1
11	0	0	720	7	2	0	0	2	1
11	0	0	720	12	3	1	0	4	0.75
11	0	0	1890	-1	11	1	0	12	0.916666666666667
11	0	0	1890	1	7	1	0	8	0.875
11	0	0	1890	3	2	0	0	2	1
11	0	0	1890	4	2	0	0	2	1
11	0	0	243	-1	272	45	177	317	0.858044164037855
11	0	0	243	0	272	45	177	317	0.858044164037855
11	0	0	1164	-1	439	35	179	474	0.926160337552743
11	0	0	1164	0	439	35	179	474	0.926160337552743
11	0	0	2545	-1	28	1	46	29	0.96551724137931
11	0	0	2545	0	28	1	46	29	0.96551724137931
11	0	0	684	-1	502	203	0	705	0.712056737588653
11	0	0	684	0	502	203	0	705	0.712056737588653
11	0	0	1909	-1	121	18	0	139	0.870503597122302
11	0	0	1909	0	121	18	0	139	0.870503597122302
11	0	0	497	-1	609	108	0	717	0.849372384937239
11	0	0	497	0	609	108	0	717	0.849372384937239
11	0	0	2052	-1	119	12	0	131	0.908396946564885
11	0	0	2052	0	119	12	0	131	0.908396946564885
11	0	0	460	-1	8	0	0	8	1
11	0	0	460	0	8	0	0	8	1
11	0	0	27	-1	3	0	0	3	1
11	0	0	27	0	3	0	0	3	1
11	0	0	1130	-1	14	2	0	16	0.875
11	0	0	1130	0	14	2	0	16	0.875
11	0	0	2258	-1	47	1	0	48	0.979166666666667
11	0	0	2258	0	47	1	0	48	0.979166666666667
11	0	0	24	-1	0	0	0	0	0
11	0	0	24	0	0	0	0	0	0
11	0	0	1180	-1	0	0	0	0	0
11	0	0	1180	0	0	0	0	0	0
11	0	0	2401	-1	0	0	0	0	0
11	0	0	2401	0	0	0	0	0	0
11	0	0	432	-1	3	0	0	3	1
11	0	0	432	1	2	0	0	2	1
11	0	0	432	4	1	0	0	1	1
11	0	0	19	-1	1	1	1	2	0.5
11	0	0	19	0	1	1	1	2	0.5
11	0	0	676	-1	5	0	10	5	1
11	0	0	676	0	5	0	10	5	1
11	0	0	1927	-1	10	0	20	10	1
11	0	0	1927	0	10	0	20	10	1
11	0	0	719	-1	72	15	0	87	0.827586206896552
11	0	0	719	1	59	14	0	73	0.808219178082192
11	0	0	719	2	3	1	0	4	0.75
11	0	0	719	3	8	0	0	8	1
11	0	0	719	4	2	0	0	2	1
11	0	0	2534	-1	5	0	0	5	1
11	0	0	2534	1	3	0	0	3	1
11	0	0	2534	2	2	0	0	2	1
11	0	0	61	-1	5	3	7	8	0.625
11	0	0	61	0	5	3	7	8	0.625
11	0	0	943	-1	170	15	75	185	0.918918918918919
11	0	0	943	0	170	15	75	185	0.918918918918919
11	0	0	2307	-1	10	0	20	10	1
11	0	0	2307	0	10	0	20	10	1
11	0	0	1029	-1	6	0	0	6	1
11	0	0	1029	0	6	0	0	6	1
11	0	0	495	-1	52	22	0	74	0.702702702702703
11	0	0	495	0	52	22	0	74	0.702702702702703
11	0	0	1884	-1	17	6	0	23	0.739130434782609
11	0	0	1884	0	17	6	0	23	0.739130434782609
11	0	0	59	-1	18	10	0	28	0.642857142857143
11	0	0	59	0	18	10	0	28	0.642857142857143
11	0	0	2035	-1	7	2	0	9	0.777777777777778
11	0	0	2035	0	7	2	0	9	0.777777777777778
11	0	0	1023	-1	8	0	10	8	1
11	0	0	1023	0	8	0	10	8	1
11	0	0	721	-1	0	0	0	0	0
11	0	0	721	0	0	0	0	0	0
11	0	0	803	-1	0	0	0	0	0
11	0	0	803	0	0	0	0	0	0
11	0	0	1185	-1	0	3	0	3	0
11	0	0	1185	1	0	1	0	1	0
11	0	0	1185	2	0	1	0	1	0
11	0	0	1185	3	0	1	0	1	0
11	0	0	1185	5	0	0	0	0	0
11	0	0	1185	6	0	0	0	0	0
11	0	0	1185	7	0	0	0	0	0
11	0	0	1185	8	0	0	0	0	0
11	0	0	1185	9	0	0	0	0	0
11	0	0	1185	10	0	0	0	0	0
11	0	0	1185	11	0	0	0	0	0
11	0	0	1185	14	0	0	0	0	0
11	0	0	1185	15	0	0	0	0	0
11	0	0	1185	16	0	0	0	0	0
11	0	2	910	-1	10	4	0	14	0.714285714285714
11	0	2	910	1	0	0	0	0	0
11	0	2	910	5	0	0	0	0	0
11	0	2	910	6	2	4	0	6	0.333333333333333
11	0	2	910	7	0	0	0	0	0
11	0	2	910	8	8	0	0	8	1
11	0	2	223	-1	0	0	0	0	0
11	0	2	223	0	0	0	0	0	0
11	0	3	223	-1	0	0	0	0	0
11	0	3	223	0	0	0	0	0	0
11	0	6	867	-1	12	3	0	15	0.8
11	0	6	867	1	8	2	0	10	0.8
11	0	6	867	2	4	1	0	5	0.8
11	0	6	15	-1	3	2	10	5	0.6
11	0	6	15	0	3	2	10	5	0.6
11	0	6	1249	-1	7	8	0	15	0.466666666666667
11	0	6	1249	0	7	8	0	15	0.466666666666667
11	0	7	659	-1	20	23	64	43	0.465116279069767
11	0	7	659	0	20	23	64	43	0.465116279069767
11	0	7	1376	-1	63	34	119	97	0.649484536082474
11	0	7	1376	0	63	34	119	97	0.649484536082474
11	0	7	2474	-1	31	16	67	47	0.659574468085106
11	0	7	2474	0	31	16	67	47	0.659574468085106
11	0	7	1097	-1	17	3	38	20	0.85
11	0	7	1097	0	17	3	38	20	0.85
11	0	7	2212	-1	15	0	42	15	1
11	0	7	2212	0	15	0	42	15	1
11	0	7	1927	-1	6	0	18	6	1
11	0	7	1927	0	6	0	18	6	1
11	0	10	910	-1	12	11	0	23	0.521739130434783
11	0	10	910	1	8	8	0	16	0.5
11	0	10	910	2	4	3	0	7	0.571428571428571
11	0	10	910	6	0	0	0	0	0
11	0	10	586	-1	15	8	0	23	0.652173913043478
11	0	10	586	1	15	8	0	23	0.652173913043478
11	0	10	1249	-1	16	14	0	30	0.533333333333333
11	0	10	1249	0	16	14	0	30	0.533333333333333
11	0	10	911	-1	10	18	0	28	0.357142857142857
11	0	10	911	0	10	18	0	28	0.357142857142857
11	0	10	497	-1	11	5	0	16	0.6875
11	0	10	497	0	11	5	0	16	0.6875
11	0	11	690	-1	3	0	0	3	1
11	0	11	690	0	3	0	0	3	1
11	0	11	1249	-1	3	0	0	3	1
11	0	11	1249	0	3	0	0	3	1
11	0	11	2409	-1	3	0	0	3	1
11	0	11	2409	0	3	0	0	3	1
11	0	11	54	-1	3	0	0	3	1
11	0	11	54	0	3	0	0	3	1
11	0	11	1909	-1	3	0	0	3	1
11	0	11	1909	0	3	0	0	3	1
11	0	11	27	-1	3	0	0	3	1
11	0	11	27	0	3	0	0	3	1
11	0	11	1884	-1	2	0	0	2	1
11	0	11	1884	0	2	0	0	2	1
11	0	12	61	-1	1	1	1	2	0.5
11	0	12	61	0	1	1	1	2	0.5
11	0	13	1702	-1	207	36	40	243	0.851851851851852
11	0	13	1702	0	207	36	40	243	0.851851851851852
11	0	13	1164	-1	121	1	42	122	0.991803278688525
11	0	13	1164	0	121	1	42	122	0.991803278688525
11	0	13	943	-1	44	0	27	44	1
11	0	13	943	0	44	0	27	44	1
11	0	15	586	-1	47	42	0	89	0.528089887640449
11	0	15	586	1	25	30	0	55	0.454545454545455
11	0	15	586	3	2	0	0	2	1
11	0	15	586	4	8	4	0	12	0.666666666666667
11	0	15	586	5	7	3	0	10	0.7
11	0	15	586	6	5	5	0	10	0.5
11	0	15	1138	-1	32	5	0	37	0.864864864864865
11	0	15	1138	1	22	3	0	25	0.88
11	0	15	1138	2	4	1	0	5	0.8
11	0	15	1138	3	4	1	0	5	0.8
11	0	15	1138	5	2	0	0	2	1
11	0	15	1477	-1	44	0	0	44	1
11	0	15	1477	0	44	0	0	44	1
11	0	15	497	-1	29	3	0	32	0.90625
11	0	15	497	0	29	3	0	32	0.90625
11	0	18	1797	-1	94	12	0	106	0.886792452830189
11	0	18	1797	1	78	8	0	86	0.906976744186046
11	0	18	1797	2	16	4	0	20	0.8
11	0	18	684	-1	42	16	0	58	0.724137931034483
11	0	18	684	0	42	16	0	58	0.724137931034483
11	0	18	2401	-1	0	0	0	0	0
11	0	18	2401	0	0	0	0	0	0
11	0	20	436	-1	9	7	0	16	0.5625
11	0	20	436	1	5	3	0	8	0.625
11	0	20	436	2	0	2	0	2	0
11	0	20	436	3	0	2	0	2	0
11	0	20	436	7	4	0	0	4	1
11	0	20	283	-1	31	8	0	39	0.794871794871795
11	0	20	283	1	7	3	0	10	0.7
11	0	20	283	2	3	2	0	5	0.6
11	0	20	283	3	6	0	0	6	1
11	0	20	283	4	12	1	0	13	0.923076923076923
11	0	20	283	5	3	2	0	5	0.6
11	0	20	1797	-1	4	0	0	4	1
11	0	20	1797	1	4	0	0	4	1
11	0	22	1180	-1	0	0	0	0	0
11	0	22	1180	0	0	0	0	0	0
11	0	24	910	-1	41	16	0	57	0.719298245614035
11	0	24	910	1	2	4	0	6	0.333333333333333
11	0	24	910	2	12	4	0	16	0.75
11	0	24	910	3	2	3	0	5	0.4
11	0	24	910	4	12	3	0	15	0.8
11	0	24	910	5	13	2	0	15	0.866666666666667
11	0	24	223	-1	0	0	0	0	0
11	0	24	223	0	0	0	0	0	0
11	0	24	1249	-1	19	14	0	33	0.575757575757576
11	0	24	1249	0	19	14	0	33	0.575757575757576
11	0	24	1797	-1	33	0	0	33	1
11	0	24	1797	1	10	0	0	10	1
11	0	24	1797	3	19	0	0	19	1
11	0	24	1797	5	0	0	0	0	0
11	0	24	1797	8	4	0	0	4	1
11	0	24	684	-1	15	1	0	16	0.9375
11	0	24	684	0	15	1	0	16	0.9375
11	0	26	1702	-1	29	28	13	57	0.508771929824561
11	0	26	1702	0	29	28	13	57	0.508771929824561
11	0	26	911	-1	30	30	0	60	0.5
11	0	26	911	0	30	30	0	60	0.5
11	0	26	720	-1	8	2	0	10	0.8
11	0	26	720	2	3	1	0	4	0.75
11	0	26	720	6	2	0	0	2	1
11	0	26	720	12	3	1	0	4	0.75
11	0	26	1890	-1	6	0	0	6	1
11	0	26	1890	1	4	0	0	4	1
11	0	26	1890	3	2	0	0	2	1
11	0	35	659	-1	14	13	25	27	0.518518518518518
11	0	35	659	0	14	13	25	27	0.518518518518518
11	0	35	1376	-1	15	11	5	26	0.576923076923077
11	0	35	1376	0	15	11	5	26	0.576923076923077
11	0	35	20	-1	6	0	6	6	1
11	0	35	20	0	6	0	6	6	1
11	0	35	1097	-1	10	0	6	10	1
11	0	35	1097	0	10	0	6	10	1
11	0	35	676	-1	3	0	3	3	1
11	0	35	676	0	3	0	3	3	1
11	0	35	1927	-1	4	0	2	4	1
11	0	35	1927	0	4	0	2	4	1
11	0	36	243	-1	12	3	10	15	0.8
11	0	36	243	0	12	3	10	15	0.8
11	0	37	283	-1	17	0	0	17	1
11	0	37	283	1	17	0	0	17	1
11	0	37	243	-1	12	0	4	12	1
11	0	37	243	0	12	0	4	12	1
11	0	37	1164	-1	13	1	2	14	0.928571428571429
11	0	37	1164	0	13	1	2	14	0.928571428571429
11	0	38	1249	-1	19	29	0	48	0.395833333333333
11	0	38	1249	0	19	29	0	48	0.395833333333333
11	0	38	684	-1	8	18	0	26	0.307692307692308
11	0	38	684	0	8	18	0	26	0.307692307692308
11	0	38	495	-1	9	4	0	13	0.692307692307692
11	0	38	495	0	9	4	0	13	0.692307692307692
11	0	39	690	-1	9	11	19	20	0.45
11	0	39	690	0	9	11	19	20	0.45
11	0	39	1249	-1	16	70	0	86	0.186046511627907
11	0	39	1249	0	16	70	0	86	0.186046511627907
11	0	39	2409	-1	29	20	0	49	0.591836734693878
11	0	39	2409	0	29	20	0	49	0.591836734693878
11	0	39	684	-1	8	13	0	21	0.380952380952381
11	0	39	684	0	8	13	0	21	0.380952380952381
11	0	39	1909	-1	17	2	0	19	0.894736842105263
11	0	39	1909	0	17	2	0	19	0.894736842105263
11	0	39	497	-1	5	8	0	13	0.384615384615385
11	0	39	497	0	5	8	0	13	0.384615384615385
11	0	40	1138	-1	2	0	0	2	1
11	0	40	1138	1	1	0	0	1	1
11	0	40	1138	2	1	0	0	1	1
11	0	40	1477	-1	3	0	0	3	1
11	0	40	1477	0	3	0	0	3	1
11	0	40	497	-1	2	1	0	3	0.666666666666667
11	0	40	497	0	2	1	0	3	0.666666666666667
11	0	42	2446	-1	165	60	1	225	0.733333333333333
11	0	42	2446	0	165	60	1	225	0.733333333333333
11	0	45	15	-1	24	38	37	62	0.387096774193548
11	0	45	15	0	24	38	37	62	0.387096774193548
11	0	45	243	-1	29	7	17	36	0.805555555555556
11	0	45	243	0	29	7	17	36	0.805555555555556
11	0	47	1029	-1	6	0	0	6	1
11	0	47	1029	0	6	0	0	6	1
11	0	48	477	-1	6	0	0	6	1
11	0	48	477	1	3	0	0	3	1
11	0	48	477	3	2	0	0	2	1
11	0	48	477	5	1	0	0	1	1
11	0	48	684	-1	7	9	0	16	0.4375
11	0	48	684	0	7	9	0	16	0.4375
11	0	49	15	-1	14	23	26	37	0.378378378378378
11	0	49	15	0	14	23	26	37	0.378378378378378
11	0	49	1702	-1	38	19	8	57	0.666666666666667
11	0	49	1702	0	38	19	8	57	0.666666666666667
11	0	49	243	-1	21	1	12	22	0.954545454545455
11	0	49	243	0	21	1	12	22	0.954545454545455
11	0	49	1164	-1	24	3	9	27	0.888888888888889
11	0	49	1164	0	24	3	9	27	0.888888888888889
11	0	49	943	-1	12	0	3	12	1
11	0	49	943	0	12	0	3	12	1
11	0	51	690	-1	26	10	5	36	0.722222222222222
11	0	51	690	0	26	10	5	36	0.722222222222222
11	0	51	586	-1	21	15	0	36	0.583333333333333
11	0	51	586	1	21	15	0	36	0.583333333333333
11	0	51	1702	-1	30	9	3	39	0.769230769230769
11	0	51	1702	0	30	9	3	39	0.769230769230769
11	0	51	243	-1	11	0	5	11	1
11	0	51	243	0	11	0	5	11	1
11	0	51	1164	-1	12	1	3	13	0.923076923076923
11	0	51	1164	0	12	1	3	13	0.923076923076923
11	0	51	1130	-1	14	2	0	16	0.875
11	0	51	1130	0	14	2	0	16	0.875
11	0	51	943	-1	5	1	3	6	0.833333333333333
11	0	51	943	0	5	1	3	6	0.833333333333333
11	0	55	585	-1	23	4	0	27	0.851851851851852
11	0	55	585	1	2	0	0	2	1
11	0	55	585	2	2	0	0	2	1
11	0	55	585	3	10	0	0	10	1
11	0	55	585	4	9	1	0	10	0.9
11	0	55	585	6	0	3	0	3	0
11	0	55	243	-1	10	6	13	16	0.625
11	0	55	243	0	10	6	13	16	0.625
11	0	55	1164	-1	14	8	7	22	0.636363636363636
11	0	55	1164	0	14	8	7	22	0.636363636363636
11	0	57	497	-1	23	8	0	31	0.741935483870968
11	0	57	497	0	23	8	0	31	0.741935483870968
11	0	57	59	-1	9	6	0	15	0.6
11	0	57	59	0	9	6	0	15	0.6
11	0	61	15	-1	3	1	11	4	0.75
11	0	61	15	0	3	1	11	4	0.75
11	0	61	243	-1	7	0	7	7	1
11	0	61	243	0	7	0	7	7	1
11	0	63	477	-1	2	0	0	2	1
11	0	63	477	1	2	0	0	2	1
11	0	63	1342	-1	3	0	0	3	1
11	0	63	1342	1	3	0	0	3	1
11	0	63	1565	-1	2	0	0	2	1
11	0	63	1565	1	2	0	0	2	1
11	0	63	2457	-1	1	0	0	1	1
11	0	63	2457	1	1	0	0	1	1
11	0	64	910	-1	40	32	0	72	0.555555555555556
11	0	64	910	1	6	12	0	18	0.333333333333333
11	0	64	910	2	9	10	0	19	0.473684210526316
11	0	64	910	3	12	8	0	20	0.6
11	0	64	910	4	0	0	0	0	0
11	0	64	910	5	7	1	0	8	0.875
11	0	64	910	7	6	1	0	7	0.857142857142857
11	0	64	952	-1	89	6	0	95	0.936842105263158
11	0	64	952	0	89	6	0	95	0.936842105263158
11	0	64	586	-1	35	48	0	83	0.421686746987952
11	0	64	586	1	3	7	0	10	0.3
11	0	64	586	2	8	15	0	23	0.347826086956522
11	0	64	586	3	8	12	0	20	0.4
11	0	64	586	4	8	12	0	20	0.4
11	0	64	586	6	3	2	0	5	0.6
11	0	64	586	8	5	0	0	5	1
11	0	64	911	-1	43	48	0	91	0.472527472527473
11	0	64	911	0	43	48	0	91	0.472527472527473
11	0	64	585	-1	16	21	0	37	0.432432432432432
11	0	64	585	1	6	3	0	9	0.666666666666667
11	0	64	585	2	1	4	0	5	0.2
11	0	64	585	3	0	3	0	3	0
11	0	64	585	4	3	6	0	9	0.333333333333333
11	0	64	585	5	6	5	0	11	0.545454545454545
11	0	64	497	-1	33	8	0	41	0.804878048780488
11	0	64	497	0	33	8	0	41	0.804878048780488
11	0	66	243	-1	25	1	6	26	0.961538461538462
11	0	66	243	0	25	1	6	26	0.961538461538462
11	0	66	1164	-1	33	5	1	38	0.868421052631579
11	0	66	1164	0	33	5	1	38	0.868421052631579
11	0	66	684	-1	22	6	0	28	0.785714285714286
11	0	66	684	0	22	6	0	28	0.785714285714286
11	0	66	61	-1	4	2	6	6	0.666666666666667
11	0	66	61	0	4	2	6	6	0.666666666666667
11	0	66	495	-1	13	3	0	16	0.8125
11	0	66	495	0	13	3	0	16	0.8125
11	0	68	1415	-1	14	0	0	14	1
11	0	68	1415	0	14	0	0	14	1
11	0	68	2258	-1	9	0	0	9	1
11	0	68	2258	0	9	0	0	9	1
11	0	69	720	-1	11	0	0	11	1
11	0	69	720	1	8	0	0	8	1
11	0	69	720	3	3	0	0	3	1
11	0	69	719	-1	4	2	0	6	0.666666666666667
11	0	69	719	1	4	2	0	6	0.666666666666667
11	0	71	15	-1	8	2	15	10	0.8
11	0	71	15	0	8	2	15	10	0.8
11	0	71	1702	-1	14	3	8	17	0.823529411764706
11	0	71	1702	0	14	3	8	17	0.823529411764706
11	0	71	1249	-1	13	10	0	23	0.565217391304348
11	0	71	1249	0	13	10	0	23	0.565217391304348
11	0	71	243	-1	3	0	9	3	1
11	0	71	243	0	3	0	9	3	1
11	0	71	1164	-1	6	1	5	7	0.857142857142857
11	0	71	1164	0	6	1	5	7	0.857142857142857
11	0	71	684	-1	9	3	0	12	0.75
11	0	71	684	0	9	3	0	12	0.75
11	0	71	497	-1	12	0	0	12	1
11	0	71	497	0	12	0	0	12	1
11	0	72	585	-1	2	5	0	7	0.285714285714286
11	0	72	585	1	2	5	0	7	0.285714285714286
11	0	72	1808	-1	6	1	0	7	0.857142857142857
11	0	72	1808	1	5	0	0	5	1
11	0	72	1808	3	1	1	0	2	0.5
11	0	76	15	-1	35	91	71	126	0.277777777777778
11	0	76	15	0	35	91	71	126	0.277777777777778
11	0	76	243	-1	50	18	22	68	0.735294117647059
11	0	76	243	0	50	18	22	68	0.735294117647059
11	0	76	943	-1	28	7	6	35	0.8
11	0	76	943	0	28	7	6	35	0.8
11	0	80	1376	-1	7	3	4	10	0.7
11	0	80	1376	0	7	3	4	10	0.7
11	0	81	15	-1	51	19	68	70	0.728571428571429
11	0	81	15	0	51	19	68	70	0.728571428571429
11	0	81	1702	-1	92	15	43	107	0.85981308411215
11	0	81	1702	0	92	15	43	107	0.85981308411215
11	0	81	2823	-1	81	32	31	113	0.716814159292035
11	0	81	2823	0	81	32	31	113	0.716814159292035
11	0	81	243	-1	23	0	38	23	1
11	0	81	243	0	23	0	38	23	1
11	0	81	1164	-1	38	4	31	42	0.904761904761905
11	0	81	1164	0	38	4	31	42	0.904761904761905
11	0	81	2545	-1	28	1	46	29	0.96551724137931
11	0	81	2545	0	28	1	46	29	0.96551724137931
11	0	81	2307	-1	10	0	20	10	1
11	0	81	2307	0	10	0	20	10	1
11	0	84	436	-1	5	2	0	7	0.714285714285714
11	0	84	436	1	0	1	0	1	0
11	0	84	436	2	4	0	0	4	1
11	0	84	436	3	1	1	0	2	0.5
11	0	84	910	-1	16	10	0	26	0.615384615384615
11	0	84	910	2	2	3	0	5	0.4
11	0	84	910	6	3	2	0	5	0.6
11	0	84	910	7	5	2	0	7	0.714285714285714
11	0	84	910	11	4	3	0	7	0.571428571428571
11	0	84	910	15	2	0	0	2	1
11	0	84	223	-1	0	0	0	0	0
11	0	84	223	0	0	0	0	0	0
11	0	84	1799	-1	0	0	0	0	0
11	0	84	1799	0	0	0	0	0	0
11	0	84	283	-1	12	7	0	19	0.631578947368421
11	0	84	283	2	5	2	0	7	0.714285714285714
11	0	84	283	3	0	2	0	2	0
11	0	84	283	6	4	2	0	6	0.666666666666667
11	0	84	283	10	3	1	0	4	0.75
11	0	84	1503	-1	0	0	0	0	0
11	0	84	1503	0	0	0	0	0	0
11	0	93	910	-1	13	7	0	20	0.65
11	0	93	910	1	4	3	0	7	0.571428571428571
11	0	93	910	4	9	4	0	13	0.692307692307692
11	0	93	659	-1	2	8	5	10	0.2
11	0	93	659	0	2	8	5	10	0.2
11	0	93	911	-1	3	2	0	5	0.6
11	0	93	911	0	3	2	0	5	0.6
11	0	93	2053	-1	8	10	0	18	0.444444444444444
11	0	93	2053	0	8	10	0	18	0.444444444444444
11	0	93	497	-1	2	0	0	2	1
11	0	93	497	0	2	0	0	2	1
11	0	93	2052	-1	3	1	0	4	0.75
11	0	93	2052	0	3	1	0	4	0.75
11	0	95	223	-1	0	0	0	0	0
11	0	95	223	0	0	0	0	0	0
11	0	95	15	-1	9	20	16	29	0.310344827586207
11	0	95	15	0	9	20	16	29	0.310344827586207
11	0	97	283	-1	100	18	0	118	0.847457627118644
11	0	97	283	1	22	7	0	29	0.758620689655172
11	0	97	283	2	33	3	0	36	0.916666666666667
11	0	97	283	3	12	3	0	15	0.8
11	0	97	283	4	9	1	0	10	0.9
11	0	97	283	5	13	1	0	14	0.928571428571429
11	0	97	283	7	7	1	0	8	0.875
11	0	97	283	8	4	0	0	4	1
11	0	97	283	9	0	2	0	2	0
11	0	99	910	-1	85	35	0	120	0.708333333333333
11	0	99	910	1	43	21	0	64	0.671875
11	0	99	910	2	6	1	0	7	0.857142857142857
11	0	99	910	3	14	4	0	18	0.777777777777778
11	0	99	910	4	3	3	0	6	0.5
11	0	99	910	5	2	4	0	6	0.333333333333333
11	0	99	910	8	17	2	0	19	0.894736842105263
11	0	100	720	-1	5	0	0	5	1
11	0	100	720	2	2	0	0	2	1
11	0	100	720	5	3	0	0	3	1
11	0	103	1415	-1	294	32	2	326	0.901840490797546
11	0	103	1415	0	294	32	2	326	0.901840490797546
11	0	103	719	-1	49	10	0	59	0.830508474576271
11	0	103	719	1	48	10	0	58	0.827586206896552
11	0	103	719	2	1	0	0	1	1
11	0	104	586	-1	15	13	0	28	0.535714285714286
11	0	104	586	1	3	2	0	5	0.6
11	0	104	586	2	3	7	0	10	0.3
11	0	104	586	4	3	2	0	5	0.6
11	0	104	586	5	6	2	0	8	0.75
11	0	104	1249	-1	14	16	0	30	0.466666666666667
11	0	104	1249	0	14	16	0	30	0.466666666666667
11	0	104	585	-1	5	9	0	14	0.357142857142857
11	0	104	585	1	1	3	0	4	0.25
11	0	104	585	2	2	0	0	2	1
11	0	104	585	3	1	5	0	6	0.166666666666667
11	0	104	585	9	1	1	0	2	0.5
11	0	104	1808	-1	7	7	0	14	0.5
11	0	104	1808	1	4	2	0	6	0.666666666666667
11	0	104	1808	3	2	3	0	5	0.4
11	0	104	1808	8	0	1	0	1	0
11	0	104	1808	14	1	1	0	2	0.5
11	0	104	684	-1	21	9	0	30	0.7
11	0	104	684	0	21	9	0	30	0.7
11	0	110	684	-1	4	13	0	17	0.235294117647059
11	0	110	684	0	4	13	0	17	0.235294117647059
11	0	110	1884	-1	6	3	0	9	0.666666666666667
11	0	110	1884	0	6	3	0	9	0.666666666666667
11	0	111	1138	-1	3	2	0	5	0.6
11	0	111	1138	1	3	2	0	5	0.6
11	0	112	867	-1	6	9	0	15	0.4
11	0	112	867	2	6	9	0	15	0.4
11	0	117	223	-1	0	0	0	0	0
11	0	117	223	0	0	0	0	0	0
11	0	119	1138	-1	59	18	0	77	0.766233766233766
11	0	119	1138	1	27	8	0	35	0.771428571428571
11	0	119	1138	2	19	10	0	29	0.655172413793103
11	0	119	1138	3	4	0	0	4	1
11	0	119	1138	4	4	0	0	4	1
11	0	119	1138	5	5	0	0	5	1
11	0	119	720	-1	34	17	0	51	0.666666666666667
11	0	119	720	1	5	7	0	12	0.416666666666667
11	0	119	720	2	16	9	0	25	0.64
11	0	119	720	3	9	1	0	10	0.9
11	0	119	720	5	4	0	0	4	1
11	0	122	910	-1	38	17	0	55	0.690909090909091
11	0	122	910	1	5	7	0	12	0.416666666666667
11	0	122	910	2	3	1	0	4	0.75
11	0	122	910	3	8	3	0	11	0.727272727272727
11	0	122	910	6	22	6	0	28	0.785714285714286
11	0	122	223	-1	0	0	0	0	0
11	0	122	223	0	0	0	0	0	0
11	0	122	911	-1	27	21	0	48	0.5625
11	0	122	911	0	27	21	0	48	0.5625
11	0	122	2053	-1	29	27	0	56	0.517857142857143
11	0	122	2053	0	29	27	0	56	0.517857142857143
11	0	122	283	-1	34	8	0	42	0.80952380952381
11	0	122	283	1	34	5	0	39	0.871794871794872
11	0	122	283	2	0	3	0	3	0
11	0	122	2052	-1	28	5	0	33	0.848484848484849
11	0	122	2052	0	28	5	0	33	0.848484848484849
11	0	122	1185	-1	0	1	0	1	0
11	0	122	1185	1	0	1	0	1	0
11	0	122	1185	2	0	0	0	0	0
11	0	122	1185	3	0	0	0	0	0
11	0	122	1185	6	0	0	0	0	0
11	0	127	223	-1	0	0	0	0	0
11	0	127	223	0	0	0	0	0	0
11	0	127	1138	-1	11	3	0	14	0.785714285714286
11	0	127	1138	7	4	1	0	5	0.8
11	0	127	1138	10	7	2	0	9	0.777777777777778
11	0	128	684	-1	50	24	0	74	0.675675675675676
11	0	128	684	0	50	24	0	74	0.675675675675676
11	0	129	1024	-1	20	2	2	22	0.909090909090909
11	0	129	1024	0	20	2	2	22	0.909090909090909
11	0	129	223	-1	0	0	0	0	0
11	0	129	223	0	0	0	0	0	0
11	0	129	1799	-1	0	0	0	0	0
11	0	129	1799	0	0	0	0	0	0
11	0	129	2643	-1	0	0	0	0	0
11	0	129	2643	0	0	0	0	0	0
11	0	133	283	-1	24	6	0	30	0.8
11	0	133	283	1	4	0	0	4	1
11	0	133	283	2	6	4	0	10	0.6
11	0	133	283	3	14	2	0	16	0.875
11	0	133	222	-1	0	0	0	0	0
11	0	133	222	0	0	0	0	0	0
11	0	133	585	-1	19	4	0	23	0.826086956521739
11	0	133	585	1	6	1	0	7	0.857142857142857
11	0	133	585	3	4	1	0	5	0.8
11	0	133	585	4	5	1	0	6	0.833333333333333
11	0	133	585	5	4	1	0	5	0.8
11	0	136	222	-1	1	1	0	2	0.5
11	0	136	222	0	1	1	0	2	0.5
11	0	136	684	-1	11	4	0	15	0.733333333333333
11	0	136	684	0	11	4	0	15	0.733333333333333
11	0	139	223	-1	1	3	0	4	0.25
11	0	139	223	0	1	3	0	4	0.25
11	0	139	911	-1	16	28	0	44	0.363636363636364
11	0	139	911	0	16	28	0	44	0.363636363636364
11	0	139	1503	-1	0	0	0	0	0
11	0	139	1503	0	0	0	0	0	0
11	0	139	2052	-1	13	4	0	17	0.764705882352941
11	0	139	2052	0	13	4	0	17	0.764705882352941
11	0	140	497	-1	10	5	0	15	0.666666666666667
11	0	140	497	0	10	5	0	15	0.666666666666667
11	0	140	59	-1	4	3	0	7	0.571428571428571
11	0	140	59	0	4	3	0	7	0.571428571428571
11	0	141	436	-1	8	1	0	9	0.888888888888889
11	0	141	436	1	5	0	0	5	1
11	0	141	436	2	3	1	0	4	0.75
11	0	141	1249	-1	3	0	0	3	1
11	0	141	1249	0	3	0	0	3	1
11	0	141	684	-1	3	0	0	3	1
11	0	141	684	0	3	0	0	3	1
11	0	141	495	-1	3	0	0	3	1
11	0	141	495	0	3	0	0	3	1
11	0	142	659	-1	2	0	1	2	1
11	0	142	659	0	2	0	1	2	1
11	0	142	497	-1	3	0	0	3	1
11	0	142	497	0	3	0	0	3	1
11	0	143	910	-1	60	27	0	87	0.689655172413793
11	0	143	910	1	4	3	0	7	0.571428571428571
11	0	143	910	2	18	10	0	28	0.642857142857143
11	0	143	910	4	8	5	0	13	0.615384615384615
11	0	143	910	5	4	3	0	7	0.571428571428571
11	0	143	910	6	16	1	0	17	0.941176470588235
11	0	143	910	7	10	5	0	15	0.666666666666667
11	0	143	690	-1	35	31	14	66	0.53030303030303
11	0	143	690	0	35	31	14	66	0.53030303030303
11	0	143	2446	-1	164	23	0	187	0.877005347593583
11	0	143	2446	0	164	23	0	187	0.877005347593583
11	0	143	223	-1	1	0	0	1	1
11	0	143	223	0	1	0	0	1	1
11	0	143	911	-1	63	32	0	95	0.663157894736842
11	0	143	911	0	63	32	0	95	0.663157894736842
11	0	143	283	-1	54	11	0	65	0.830769230769231
11	0	143	283	1	7	3	0	10	0.7
11	0	143	283	2	13	2	0	15	0.866666666666667
11	0	143	283	3	4	0	0	4	1
11	0	143	283	4	7	3	0	10	0.7
11	0	143	283	6	8	2	0	10	0.8
11	0	143	283	7	8	1	0	9	0.888888888888889
11	0	143	283	9	3	0	0	3	1
11	0	143	283	10	4	0	0	4	1
11	0	143	497	-1	42	6	0	48	0.875
11	0	143	497	0	42	6	0	48	0.875
11	0	149	910	-1	24	17	0	41	0.585365853658537
11	0	149	910	1	24	17	0	41	0.585365853658537
11	0	149	690	-1	19	15	7	34	0.558823529411765
11	0	149	690	0	19	15	7	34	0.558823529411765
11	0	149	2446	-1	67	11	0	78	0.858974358974359
11	0	149	2446	0	67	11	0	78	0.858974358974359
11	0	149	911	-1	65	41	0	106	0.613207547169811
11	0	149	911	0	65	41	0	106	0.613207547169811
11	0	149	1185	-1	0	0	0	0	0
11	0	149	1185	1	0	0	0	0	0
11	0	149	1185	3	0	0	0	0	0
11	0	149	1185	7	0	0	0	0	0
11	0	149	1185	8	0	0	0	0	0
11	0	149	1185	10	0	0	0	0	0
11	0	157	684	-1	11	4	0	15	0.733333333333333
11	0	157	684	0	11	4	0	15	0.733333333333333
11	0	157	1023	-1	8	0	10	8	1
11	0	157	1023	0	8	0	10	8	1
11	0	158	477	-1	9	0	0	9	1
11	0	158	477	1	8	0	0	8	1
11	0	158	477	2	1	0	0	1	1
11	0	158	720	-1	16	0	0	16	1
11	0	158	720	1	10	0	0	10	1
11	0	158	720	2	3	0	0	3	1
11	0	158	720	3	3	0	0	3	1
11	0	158	719	-1	4	0	0	4	1
11	0	158	719	1	3	0	0	3	1
11	0	158	719	3	1	0	0	1	1
11	0	158	2534	-1	2	0	0	2	1
11	0	158	2534	1	2	0	0	2	1
11	0	159	497	-1	144	12	0	156	0.923076923076923
11	0	159	497	0	144	12	0	156	0.923076923076923
11	0	168	222	-1	0	0	0	0	0
11	0	168	222	0	0	0	0	0	0
11	0	168	24	-1	0	0	0	0	0
11	0	168	24	0	0	0	0	0	0
11	0	169	867	-1	1	2	0	3	0.333333333333333
11	0	169	867	1	1	1	0	2	0.5
11	0	169	867	2	0	1	0	1	0
11	0	169	1477	-1	6	0	0	6	1
11	0	169	1477	0	6	0	0	6	1
11	0	169	497	-1	6	0	0	6	1
11	0	169	497	0	6	0	0	6	1
11	0	179	1796	-1	4	0	0	4	1
11	0	179	1796	1	4	0	0	4	1
11	0	179	1503	-1	0	0	0	0	0
11	0	179	1503	0	0	0	0	0	0
11	0	179	1180	-1	0	0	0	0	0
11	0	179	1180	0	0	0	0	0	0
11	0	179	2401	-1	0	0	0	0	0
11	0	179	2401	0	0	0	0	0	0
11	0	185	15	-1	13	6	19	19	0.684210526315789
11	0	185	15	0	13	6	19	19	0.684210526315789
11	0	185	1702	-1	27	5	11	32	0.84375
11	0	185	1702	0	27	5	11	32	0.84375
11	0	185	243	-1	10	2	6	12	0.833333333333333
11	0	185	243	0	10	2	6	12	0.833333333333333
11	0	185	1164	-1	15	0	3	15	1
11	0	185	1164	0	15	0	3	15	1
11	0	187	720	-1	0	3	0	3	0
11	0	187	720	1	0	3	0	3	0
11	0	187	719	-1	0	3	0	3	0
11	0	187	719	1	0	2	0	2	0
11	0	187	719	2	0	1	0	1	0
11	0	188	910	-1	37	10	0	47	0.787234042553192
11	0	188	910	1	32	8	0	40	0.8
11	0	188	910	4	5	2	0	7	0.714285714285714
11	0	188	2446	-1	38	11	0	49	0.775510204081633
11	0	188	2446	0	38	11	0	49	0.775510204081633
11	0	188	911	-1	19	11	0	30	0.633333333333333
11	0	188	911	0	19	11	0	30	0.633333333333333
11	0	188	283	-1	13	5	0	18	0.722222222222222
11	0	188	283	1	0	3	0	3	0
11	0	188	283	2	2	1	0	3	0.666666666666667
11	0	188	283	4	3	0	0	3	1
11	0	188	283	5	3	0	0	3	1
11	0	188	283	6	2	1	0	3	0.666666666666667
11	0	188	283	8	3	0	0	3	1
11	0	188	497	-1	12	1	0	13	0.923076923076923
11	0	188	497	0	12	1	0	13	0.923076923076923
11	0	190	720	-1	1	3	0	4	0.25
11	0	190	720	3	1	3	0	4	0.25
11	0	190	1890	-1	5	1	0	6	0.833333333333333
11	0	190	1890	1	3	1	0	4	0.75
11	0	190	1890	4	2	0	0	2	1
11	0	190	719	-1	3	0	0	3	1
11	0	190	719	1	1	0	0	1	1
11	0	190	719	3	2	0	0	2	1
11	0	190	2534	-1	2	0	0	2	1
11	0	190	2534	1	1	0	0	1	1
11	0	190	2534	2	1	0	0	1	1
11	0	195	283	-1	13	2	0	15	0.866666666666667
11	0	195	283	1	3	2	0	5	0.6
11	0	195	283	2	6	0	0	6	1
11	0	195	283	4	4	0	0	4	1
11	0	195	222	-1	0	0	0	0	0
11	0	195	222	0	0	0	0	0	0
11	0	199	1097	-1	2	0	1	2	1
11	0	199	1097	0	2	0	1	2	1
11	0	199	19	-1	1	1	1	2	0.5
11	0	199	19	0	1	1	1	2	0.5
11	0	199	676	-1	1	0	2	1	1
11	0	199	676	0	1	0	2	1	1
11	0	199	495	-1	1	2	0	3	0.333333333333333
11	0	199	495	0	1	2	0	3	0.333333333333333
11	0	202	1376	-1	1	3	7	4	0.25
11	0	202	1376	0	1	3	7	4	0.25
11	0	202	1097	-1	0	1	6	1	0
11	0	202	1097	0	0	1	6	1	0
11	0	202	1185	-1	0	1	0	1	0
11	0	202	1185	1	0	0	0	0	0
11	0	202	1185	3	0	1	0	1	0
11	0	209	2094	-1	15	0	0	15	1
11	0	209	2094	4	5	0	0	5	1
11	0	209	2094	5	10	0	0	10	1
11	0	209	952	-1	18	0	0	18	1
11	0	209	952	0	18	0	0	18	1
11	0	209	1138	-1	4	0	0	4	1
11	0	209	1138	3	4	0	0	4	1
11	0	209	1477	-1	6	0	0	6	1
11	0	209	1477	0	6	0	0	6	1
11	0	209	721	-1	0	0	0	0	0
11	0	209	721	0	0	0	0	0	0
11	0	210	243	-1	6	1	5	7	0.857142857142857
11	0	210	243	0	6	1	5	7	0.857142857142857
11	0	211	659	-1	7	6	14	13	0.538461538461538
11	0	211	659	0	7	6	14	13	0.538461538461538
11	0	211	1376	-1	8	4	15	12	0.666666666666667
11	0	211	1376	0	8	4	15	12	0.666666666666667
11	0	211	20	-1	5	0	9	5	1
11	0	211	20	0	5	0	9	5	1
11	0	211	1097	-1	6	0	8	6	1
11	0	211	1097	0	6	0	8	6	1
11	0	211	676	-1	1	0	5	1	1
11	0	211	676	0	1	0	5	1	1
11	0	213	1702	-1	38	14	9	52	0.730769230769231
11	0	213	1702	0	38	14	9	52	0.730769230769231
11	0	213	1164	-1	24	0	5	24	1
11	0	213	1164	0	24	0	5	24	1
11	0	213	943	-1	14	1	2	15	0.933333333333333
11	0	213	943	0	14	1	2	15	0.933333333333333
11	0	215	283	-1	36	0	0	36	1
11	0	215	283	1	18	0	0	18	1
11	0	215	283	3	8	0	0	8	1
11	0	215	283	4	10	0	0	10	1
11	0	215	1503	-1	0	0	0	0	0
11	0	215	1503	0	0	0	0	0	0
11	0	217	586	-1	2	3	0	5	0.4
11	0	217	586	1	2	3	0	5	0.4
11	0	217	585	-1	4	1	0	5	0.8
11	0	217	585	1	1	1	0	2	0.5
11	0	217	585	4	3	0	0	3	1
11	0	219	1164	-1	17	9	0	26	0.653846153846154
11	0	219	1164	0	17	9	0	26	0.653846153846154
11	0	222	1796	-1	14	1	0	15	0.933333333333333
11	0	222	1796	1	8	0	0	8	1
11	0	222	1796	2	2	1	0	3	0.666666666666667
11	0	222	1796	3	2	0	0	2	1
11	0	222	1796	11	2	0	0	2	1
11	0	227	910	-1	32	27	0	59	0.542372881355932
11	0	227	910	1	3	13	0	16	0.1875
11	0	227	910	2	4	3	0	7	0.571428571428571
11	0	227	910	4	10	4	0	14	0.714285714285714
11	0	227	910	5	2	4	0	6	0.333333333333333
11	0	227	910	7	13	3	0	16	0.8125
11	0	227	1798	-1	42	18	0	60	0.7
11	0	227	1798	1	6	7	0	13	0.461538461538462
11	0	227	1798	2	2	4	0	6	0.333333333333333
11	0	227	1798	3	8	5	0	13	0.615384615384615
11	0	227	1798	6	10	0	0	10	1
11	0	227	1798	11	16	2	0	18	0.888888888888889
11	0	227	1249	-1	20	25	0	45	0.444444444444444
11	0	227	1249	0	20	25	0	45	0.444444444444444
11	0	227	283	-1	9	5	0	14	0.642857142857143
11	0	227	283	1	2	3	0	5	0.4
11	0	227	283	2	0	0	0	0	0
11	0	227	283	3	4	2	0	6	0.666666666666667
11	0	227	283	7	3	0	0	3	1
11	0	227	1797	-1	36	3	0	39	0.923076923076923
11	0	227	1797	1	22	2	0	24	0.916666666666667
11	0	227	1797	3	14	1	0	15	0.933333333333333
11	0	231	15	-1	10	4	1	14	0.714285714285714
11	0	231	15	0	10	4	1	14	0.714285714285714
11	0	231	243	-1	2	0	5	2	1
11	0	231	243	0	2	0	5	2	1
11	0	231	943	-1	2	0	1	2	1
11	0	231	943	0	2	0	1	2	1
11	0	234	911	-1	36	10	0	46	0.782608695652174
11	0	234	911	0	36	10	0	46	0.782608695652174
11	0	235	1249	-1	33	35	0	68	0.485294117647059
11	0	235	1249	0	33	35	0	68	0.485294117647059
11	0	235	2409	-1	50	24	0	74	0.675675675675676
11	0	235	2409	0	50	24	0	74	0.675675675675676
11	0	235	911	-1	40	33	0	73	0.547945205479452
11	0	235	911	0	40	33	0	73	0.547945205479452
11	0	235	2053	-1	54	20	0	74	0.72972972972973
11	0	235	2053	0	54	20	0	74	0.72972972972973
11	0	235	684	-1	33	6	0	39	0.846153846153846
11	0	235	684	0	33	6	0	39	0.846153846153846
11	0	235	1909	-1	36	2	0	38	0.947368421052632
11	0	235	1909	0	36	2	0	38	0.947368421052632
11	0	235	2052	-1	38	0	0	38	1
11	0	235	2052	0	38	0	0	38	1
11	0	237	1180	-1	0	0	0	0	0
11	0	237	1180	0	0	0	0	0	0
11	0	238	1415	-1	48	5	0	53	0.905660377358491
11	0	238	1415	0	48	5	0	53	0.905660377358491
11	0	238	2258	-1	38	1	0	39	0.974358974358974
11	0	238	2258	0	38	1	0	39	0.974358974358974
11	0	240	684	-1	2	5	0	7	0.285714285714286
11	0	240	684	0	2	5	0	7	0.285714285714286
11	0	240	803	-1	0	0	0	0	0
11	0	240	803	0	0	0	0	0	0
11	0	241	910	-1	2	14	0	16	0.125
11	0	241	910	1	2	9	0	11	0.181818181818182
11	0	241	910	2	0	5	0	5	0
11	0	241	690	-1	5	7	3	12	0.416666666666667
11	0	241	690	0	5	7	3	12	0.416666666666667
11	0	241	911	-1	12	3	0	15	0.8
11	0	241	911	0	12	3	0	15	0.8
11	0	241	497	-1	7	1	0	8	0.875
11	0	241	497	0	7	1	0	8	0.875
11	0	243	1249	-1	16	7	0	23	0.695652173913043
11	0	243	1249	0	16	7	0	23	0.695652173913043
11	0	243	684	-1	12	3	0	15	0.8
11	0	243	684	0	12	3	0	15	0.8
11	0	245	1249	-1	20	25	0	45	0.444444444444444
11	0	245	1249	0	20	25	0	45	0.444444444444444
11	0	245	2409	-1	26	19	0	45	0.577777777777778
11	0	245	2409	0	26	19	0	45	0.577777777777778
11	0	245	684	-1	15	2	0	17	0.882352941176471
11	0	245	684	0	15	2	0	17	0.882352941176471
11	0	245	1909	-1	14	5	0	19	0.736842105263158
11	0	245	1909	0	14	5	0	19	0.736842105263158
11	0	245	497	-1	2	0	0	2	1
11	0	245	497	0	2	0	0	2	1
11	0	245	1884	-1	6	3	0	9	0.666666666666667
11	0	245	1884	0	6	3	0	9	0.666666666666667
11	0	245	2035	-1	7	2	0	9	0.777777777777778
11	0	245	2035	0	7	2	0	9	0.777777777777778
11	0	246	585	-1	1	1	0	2	0.5
11	0	246	585	1	1	1	0	2	0.5
11	0	246	460	-1	8	0	0	8	1
11	0	246	460	0	8	0	0	8	1
11	0	246	59	-1	5	1	0	6	0.833333333333333
11	0	246	59	0	5	1	0	6	0.833333333333333
11	0	248	684	-1	13	5	0	18	0.722222222222222
11	0	248	684	0	13	5	0	18	0.722222222222222
11	0	248	495	-1	1	2	0	3	0.333333333333333
11	0	248	495	0	1	2	0	3	0.333333333333333
11	0	248	1884	-1	3	0	0	3	1
11	0	248	1884	0	3	0	0	3	1
11	0	250	720	-1	6	1	0	7	0.857142857142857
11	0	250	720	1	6	1	0	7	0.857142857142857
11	0	253	1024	-1	27	5	3	32	0.84375
11	0	253	1024	0	27	5	3	32	0.84375
11	0	253	223	-1	0	0	0	0	0
11	0	253	223	0	0	0	0	0	0
11	0	253	1138	-1	41	39	0	80	0.5125
11	0	253	1138	1	11	13	0	24	0.458333333333333
11	0	253	1138	2	10	10	0	20	0.5
11	0	253	1138	3	7	1	0	8	0.875
11	0	253	1138	4	4	5	0	9	0.444444444444444
11	0	253	1138	5	1	4	0	5	0.2
11	0	253	1138	6	3	2	0	5	0.6
11	0	253	1138	7	2	2	0	4	0.5
11	0	253	1138	8	3	2	0	5	0.6
11	0	253	720	-1	24	15	0	39	0.615384615384615
11	0	253	720	1	8	4	0	12	0.666666666666667
11	0	253	720	2	6	5	0	11	0.545454545454545
11	0	253	720	3	8	5	0	13	0.615384615384615
11	0	253	720	4	2	1	0	3	0.666666666666667
11	0	255	2446	-1	14	5	0	19	0.736842105263158
11	0	255	2446	0	14	5	0	19	0.736842105263158
11	0	255	586	-1	6	4	0	10	0.6
11	0	255	586	1	2	3	0	5	0.4
11	0	255	586	6	4	1	0	5	0.8
11	0	255	585	-1	4	3	0	7	0.571428571428571
11	0	255	585	2	1	1	0	2	0.5
11	0	255	585	6	1	1	0	2	0.5
11	0	255	585	9	2	1	0	3	0.666666666666667
11	0	255	497	-1	7	0	0	7	1
11	0	255	497	0	7	0	0	7	1
11	0	256	910	-1	0	5	0	5	0
11	0	256	910	2	0	5	0	5	0
11	0	256	1798	-1	16	10	0	26	0.615384615384615
11	0	256	1798	1	6	6	0	12	0.5
11	0	256	1798	2	10	4	0	14	0.714285714285714
11	0	256	1798	3	0	0	0	0	0
11	0	256	2909	-1	36	13	0	49	0.73469387755102
11	0	256	2909	1	10	2	0	12	0.833333333333333
11	0	256	2909	2	14	8	0	22	0.636363636363636
11	0	256	2909	3	12	3	0	15	0.8
11	0	256	2909	13	0	0	0	0	0
11	0	256	911	-1	40	12	0	52	0.769230769230769
11	0	256	911	0	40	12	0	52	0.769230769230769
11	0	256	2053	-1	41	10	0	51	0.803921568627451
11	0	256	2053	0	41	10	0	51	0.803921568627451
11	0	256	1797	-1	40	3	0	43	0.930232558139535
11	0	256	1797	1	12	0	0	12	1
11	0	256	1797	2	2	1	0	3	0.666666666666667
11	0	256	1797	3	2	1	0	3	0.666666666666667
11	0	256	1797	5	16	0	0	16	1
11	0	256	1797	6	8	1	0	9	0.888888888888889
11	0	256	2908	-1	54	0	0	54	1
11	0	256	2908	1	36	0	0	36	1
11	0	256	2908	2	18	0	0	18	1
11	0	256	497	-1	117	1	0	118	0.991525423728814
11	0	256	497	0	117	1	0	118	0.991525423728814
11	0	256	2052	-1	30	1	0	31	0.967741935483871
11	0	256	2052	0	30	1	0	31	0.967741935483871
11	0	261	910	-1	9	4	0	13	0.692307692307692
11	0	261	910	1	5	2	0	7	0.714285714285714
11	0	261	910	5	4	2	0	6	0.666666666666667
11	0	262	478	-1	11	5	0	16	0.6875
11	0	262	478	1	6	1	0	7	0.857142857142857
11	0	262	478	2	5	1	0	6	0.833333333333333
11	0	262	478	4	0	3	0	3	0
11	0	262	684	-1	12	7	0	19	0.631578947368421
11	0	262	684	0	12	7	0	19	0.631578947368421
11	0	262	495	-1	8	2	0	10	0.8
11	0	262	495	0	8	2	0	10	0.8
11	0	270	943	-1	6	3	0	9	0.666666666666667
11	0	270	943	0	6	3	0	9	0.666666666666667
11	0	271	684	-1	14	4	0	18	0.777777777777778
11	0	271	684	0	14	4	0	18	0.777777777777778
11	0	272	684	-1	18	13	0	31	0.580645161290323
11	0	272	684	0	18	13	0	31	0.580645161290323
11	0	276	283	-1	12	0	0	12	1
11	0	276	283	1	12	0	0	12	1
11	0	276	222	-1	0	0	0	0	0
11	0	276	222	0	0	0	0	0	0
11	0	276	1097	-1	5	1	1	6	0.833333333333333
11	0	276	1097	0	5	1	1	6	0.833333333333333
11	0	277	478	-1	31	10	0	41	0.75609756097561
11	0	277	478	1	28	9	0	37	0.756756756756757
11	0	277	478	2	3	1	0	4	0.75
11	0	277	1565	-1	3	1	0	4	0.75
11	0	277	1565	1	1	1	0	2	0.5
11	0	277	1565	2	2	0	0	2	1
11	0	278	223	-1	0	0	0	0	0
11	0	278	223	0	0	0	0	0	0
11	0	278	15	-1	42	62	44	104	0.403846153846154
11	0	278	15	0	42	62	44	104	0.403846153846154
11	0	279	585	-1	6	1	0	7	0.857142857142857
11	0	279	585	1	6	1	0	7	0.857142857142857
11	0	279	432	-1	3	0	0	3	1
11	0	279	432	1	2	0	0	2	1
11	0	279	432	4	1	0	0	1	1
11	0	287	223	-1	0	0	0	0	0
11	0	287	223	0	0	0	0	0	0
11	0	287	15	-1	9	11	23	20	0.45
11	0	287	15	0	9	11	23	20	0.45
11	0	287	911	-1	34	12	0	46	0.739130434782609
11	0	287	911	0	34	12	0	46	0.739130434782609
11	0	288	1249	-1	7	19	0	26	0.269230769230769
11	0	288	1249	0	7	19	0	26	0.269230769230769
11	0	288	684	-1	9	5	0	14	0.642857142857143
11	0	288	684	0	9	5	0	14	0.642857142857143
11	0	288	495	-1	3	2	0	5	0.6
11	0	288	495	0	3	2	0	5	0.6
11	0	296	1024	-1	3	0	2	3	1
11	0	296	1024	0	3	0	2	3	1
11	0	296	1415	-1	12	0	0	12	1
11	0	296	1415	0	12	0	0	12	1
11	0	296	720	-1	4	0	0	4	1
11	0	296	720	3	2	0	0	2	1
11	0	296	720	7	2	0	0	2	1
11	0	299	910	-1	77	65	0	142	0.542253521126761
11	0	299	910	1	32	33	0	65	0.492307692307692
11	0	299	910	2	17	21	0	38	0.447368421052632
11	0	299	910	3	5	2	0	7	0.714285714285714
11	0	299	910	5	1	4	0	5	0.2
11	0	299	910	6	6	1	0	7	0.857142857142857
11	0	299	910	8	13	1	0	14	0.928571428571429
11	0	299	910	13	3	3	0	6	0.5
11	0	299	1249	-1	60	70	0	130	0.461538461538462
11	0	299	1249	0	60	70	0	130	0.461538461538462
11	0	299	2409	-1	83	42	0	125	0.664
11	0	299	2409	0	83	42	0	125	0.664
11	0	299	911	-1	73	57	0	130	0.561538461538462
11	0	299	911	0	73	57	0	130	0.561538461538462
11	0	299	684	-1	105	16	0	121	0.867768595041322
11	0	299	684	0	105	16	0	121	0.867768595041322
11	0	299	1909	-1	51	9	0	60	0.85
11	0	299	1909	0	51	9	0	60	0.85
11	0	299	1185	-1	0	1	0	1	0
11	0	299	1185	1	0	0	0	0	0
11	0	299	1185	2	0	1	0	1	0
11	0	299	1185	3	0	0	0	0	0
11	0	299	1185	5	0	0	0	0	0
11	0	299	1185	8	0	0	0	0	0
11	0	299	1185	9	0	0	0	0	0
11	0	299	1185	10	0	0	0	0	0
11	0	299	1185	11	0	0	0	0	0
11	0	299	1185	14	0	0	0	0	0
11	0	299	1185	15	0	0	0	0	0
11	0	299	1185	16	0	0	0	0	0
11	0	300	223	-1	0	0	0	0	0
11	0	300	223	0	0	0	0	0	0
11	0	300	911	-1	27	47	0	74	0.364864864864865
11	0	300	911	0	27	47	0	74	0.364864864864865
11	0	306	952	-1	60	3	0	63	0.952380952380952
11	0	306	952	0	60	3	0	63	0.952380952380952
11	0	307	223	-1	1	0	0	1	1
11	0	307	223	0	1	0	0	1	1
11	0	308	910	-1	73	31	0	104	0.701923076923077
11	0	308	910	2	22	13	0	35	0.628571428571429
11	0	308	910	3	5	1	0	6	0.833333333333333
11	0	308	910	4	6	1	0	7	0.857142857142857
11	0	308	910	5	17	6	0	23	0.739130434782609
11	0	308	910	9	23	10	0	33	0.696969696969697
11	0	308	690	-1	32	35	14	67	0.477611940298507
11	0	308	690	0	32	35	14	67	0.477611940298507
11	0	308	283	-1	46	8	0	54	0.851851851851852
11	0	308	283	1	2	1	0	3	0.666666666666667
11	0	308	283	2	12	4	0	16	0.75
11	0	308	283	3	17	1	0	18	0.944444444444444
11	0	308	283	5	4	0	0	4	1
11	0	308	283	9	4	2	0	6	0.666666666666667
11	0	308	283	12	3	0	0	3	1
11	0	308	283	13	4	0	0	4	1
11	0	308	1415	-1	56	11	0	67	0.835820895522388
11	0	308	1415	0	56	11	0	67	0.835820895522388
11	0	308	1503	-1	0	0	0	0	0
11	0	308	1503	0	0	0	0	0	0
11	0	312	952	-1	31	0	0	31	1
11	0	312	952	0	31	0	0	31	1
11	0	312	223	-1	0	0	0	0	0
11	0	312	223	0	0	0	0	0	0
11	0	312	1138	-1	21	9	0	30	0.7
11	0	312	1138	2	6	4	0	10	0.6
11	0	312	1138	4	7	3	0	10	0.7
11	0	312	1138	6	8	2	0	10	0.8
11	0	312	15	-1	5	8	13	13	0.384615384615385
11	0	312	15	0	5	8	13	13	0.384615384615385
11	0	312	911	-1	13	14	0	27	0.481481481481481
11	0	312	911	0	13	14	0	27	0.481481481481481
11	0	312	243	-1	2	3	7	5	0.4
11	0	312	243	0	2	3	7	5	0.4
11	0	313	910	-1	9	10	0	19	0.473684210526316
11	0	313	910	1	9	10	0	19	0.473684210526316
11	0	313	1249	-1	6	9	0	15	0.4
11	0	313	1249	0	6	9	0	15	0.4
11	0	320	283	-1	74	29	0	103	0.718446601941748
11	0	320	283	1	41	16	0	57	0.719298245614035
11	0	320	283	2	6	0	0	6	1
11	0	320	283	3	2	2	0	4	0.5
11	0	320	283	4	8	7	0	15	0.533333333333333
11	0	320	283	5	17	4	0	21	0.80952380952381
11	0	321	243	-1	15	1	4	16	0.9375
11	0	321	243	0	15	1	4	16	0.9375
11	0	327	720	-1	12	3	0	15	0.8
11	0	327	720	1	3	0	0	3	1
11	0	327	720	2	3	1	0	4	0.75
11	0	327	720	3	2	2	0	4	0.5
11	0	327	720	4	2	0	0	2	1
11	0	327	720	5	2	0	0	2	1
11	0	327	719	-1	10	0	0	10	1
11	0	327	719	1	1	0	0	1	1
11	0	327	719	2	2	0	0	2	1
11	0	327	719	3	5	0	0	5	1
11	0	327	719	4	2	0	0	2	1
11	0	327	2534	-1	1	0	0	1	1
11	0	327	2534	2	1	0	0	1	1
11	0	328	20	-1	4	2	5	6	0.666666666666667
11	0	328	20	0	4	2	5	6	0.666666666666667
11	0	330	910	-1	77	48	0	125	0.616
11	0	330	910	1	13	18	0	31	0.419354838709677
11	0	330	910	2	18	11	0	29	0.620689655172414
11	0	330	910	3	17	11	0	28	0.607142857142857
11	0	330	910	4	2	1	0	3	0.666666666666667
11	0	330	910	5	27	7	0	34	0.794117647058823
11	0	330	223	-1	0	0	0	0	0
11	0	330	223	0	0	0	0	0	0
11	0	330	911	-1	53	69	0	122	0.434426229508197
11	0	330	911	0	53	69	0	122	0.434426229508197
11	0	330	283	-1	46	20	0	66	0.696969696969697
11	0	330	283	1	9	1	0	10	0.9
11	0	330	283	2	12	11	0	23	0.521739130434783
11	0	330	283	3	10	3	0	13	0.769230769230769
11	0	330	283	4	9	3	0	12	0.75
11	0	330	283	6	0	2	0	2	0
11	0	330	283	7	4	0	0	4	1
11	0	330	283	8	2	0	0	2	1
11	0	330	497	-1	42	12	0	54	0.777777777777778
11	0	330	497	0	42	12	0	54	0.777777777777778
11	0	338	720	-1	2	0	0	2	1
11	0	338	720	1	1	0	0	1	1
11	0	338	720	2	1	0	0	1	1
11	0	338	719	-1	2	0	0	2	1
11	0	338	719	1	2	0	0	2	1
11	0	339	690	-1	8	21	10	29	0.275862068965517
11	0	339	690	0	8	21	10	29	0.275862068965517
11	0	339	1249	-1	17	23	0	40	0.425
11	0	339	1249	0	17	23	0	40	0.425
11	0	339	1415	-1	23	8	1	31	0.741935483870968
11	0	339	1415	0	23	8	1	31	0.741935483870968
11	0	339	684	-1	12	7	0	19	0.631578947368421
11	0	339	684	0	12	7	0	19	0.631578947368421
11	0	344	910	-1	98	15	0	113	0.867256637168142
11	0	344	910	1	25	11	0	36	0.694444444444444
11	0	344	910	2	6	2	0	8	0.75
11	0	344	910	3	35	1	0	36	0.972222222222222
11	0	344	910	4	8	0	0	8	1
11	0	344	910	8	16	1	0	17	0.941176470588235
11	0	344	910	10	8	0	0	8	1
11	0	344	1798	-1	133	17	0	150	0.886666666666667
11	0	344	1798	1	6	2	0	8	0.75
11	0	344	1798	2	42	5	0	47	0.893617021276596
11	0	344	1798	3	54	8	0	62	0.870967741935484
11	0	344	1798	4	6	0	0	6	1
11	0	344	1798	5	25	2	0	27	0.925925925925926
11	0	344	1799	-1	0	0	0	0	0
11	0	344	1799	0	0	0	0	0	0
11	0	344	2643	-1	0	0	0	0	0
11	0	344	2643	0	0	0	0	0	0
11	0	344	283	-1	60	7	0	67	0.895522388059702
11	0	344	283	1	2	1	0	3	0.666666666666667
11	0	344	283	2	6	2	0	8	0.75
11	0	344	283	3	16	0	0	16	1
11	0	344	283	4	17	0	0	17	1
11	0	344	283	7	7	2	0	9	0.777777777777778
11	0	344	283	8	5	2	0	7	0.714285714285714
11	0	344	283	10	4	0	0	4	1
11	0	344	283	17	3	0	0	3	1
11	0	344	1797	-1	43	9	0	52	0.826923076923077
11	0	344	1797	1	8	0	0	8	1
11	0	344	1797	2	21	5	0	26	0.807692307692308
11	0	344	1797	3	6	4	0	10	0.6
11	0	344	1797	5	4	0	0	4	1
11	0	344	1797	13	4	0	0	4	1
11	0	344	1503	-1	0	0	0	0	0
11	0	344	1503	0	0	0	0	0	0
11	0	344	2642	-1	0	0	0	0	0
11	0	344	2642	0	0	0	0	0	0
11	0	347	477	-1	0	1	0	1	0
11	0	347	477	2	0	1	0	1	0
11	0	347	1342	-1	8	0	0	8	1
11	0	347	1342	1	2	0	0	2	1
11	0	347	1342	2	1	0	0	1	1
11	0	347	1342	4	1	0	0	1	1
11	0	347	1342	5	1	0	0	1	1
11	0	347	1342	6	1	0	0	1	1
11	0	347	1342	8	1	0	0	1	1
11	0	347	1342	10	1	0	0	1	1
11	0	347	1565	-1	17	1	0	18	0.944444444444444
11	0	347	1565	1	6	0	0	6	1
11	0	347	1565	2	2	0	0	2	1
11	0	347	1565	3	4	0	0	4	1
11	0	347	1565	4	3	1	0	4	0.75
11	0	347	1565	5	2	0	0	2	1
11	0	347	684	-1	16	3	0	19	0.842105263157895
11	0	347	684	0	16	3	0	19	0.842105263157895
11	0	356	1796	-1	4	1	0	5	0.8
11	0	356	1796	1	4	1	0	5	0.8
11	0	356	283	-1	6	2	0	8	0.75
11	0	356	283	1	1	1	0	2	0.5
11	0	356	283	6	5	1	0	6	0.833333333333333
11	0	356	54	-1	6	0	0	6	1
11	0	356	54	0	6	0	0	6	1
11	0	356	1415	-1	8	2	0	10	0.8
11	0	356	1415	0	8	2	0	10	0.8
11	0	356	2674	-1	12	2	0	14	0.857142857142857
11	0	356	2674	0	12	2	0	14	0.857142857142857
11	0	356	1503	-1	0	0	0	0	0
11	0	356	1503	0	0	0	0	0	0
11	0	359	243	-1	17	0	2	17	1
11	0	359	243	0	17	0	2	17	1
11	0	359	943	-1	8	0	1	8	1
11	0	359	943	0	8	0	1	8	1
11	0	360	684	-1	30	7	0	37	0.810810810810811
11	0	360	684	0	30	7	0	37	0.810810810810811
11	0	360	495	-1	14	7	0	21	0.666666666666667
11	0	360	495	0	14	7	0	21	0.666666666666667
11	0	363	910	-1	13	8	0	21	0.619047619047619
11	0	363	910	1	13	8	0	21	0.619047619047619
11	0	363	911	-1	10	5	0	15	0.666666666666667
11	0	363	911	0	10	5	0	15	0.666666666666667
11	0	363	2053	-1	10	5	0	15	0.666666666666667
11	0	363	2053	0	10	5	0	15	0.666666666666667
11	0	363	283	-1	15	0	0	15	1
11	0	363	283	3	4	0	0	4	1
11	0	363	283	6	11	0	0	11	1
11	0	363	497	-1	7	1	0	8	0.875
11	0	363	497	0	7	1	0	8	0.875
11	0	363	2052	-1	7	1	0	8	0.875
11	0	363	2052	0	7	1	0	8	0.875
11	0	368	243	-1	17	2	5	19	0.894736842105263
11	0	368	243	0	17	2	5	19	0.894736842105263
11	0	368	1164	-1	23	0	1	23	1
11	0	368	1164	0	23	0	1	23	1
11	0	368	943	-1	10	2	0	12	0.833333333333333
11	0	368	943	0	10	2	0	12	0.833333333333333
11	0	370	1702	-1	224	42	102	266	0.842105263157895
11	0	370	1702	0	224	42	102	266	0.842105263157895
11	0	370	1164	-1	99	2	70	101	0.98019801980198
11	0	370	1164	0	99	2	70	101	0.98019801980198
11	0	370	943	-1	41	1	32	42	0.976190476190476
11	0	370	943	0	41	1	32	42	0.976190476190476
11	0	374	1799	-1	0	0	0	0	0
11	0	374	1799	0	0	0	0	0	0
11	0	374	911	-1	135	121	0	256	0.52734375
11	0	374	911	0	135	121	0	256	0.52734375
11	0	374	283	-1	119	33	0	152	0.782894736842105
11	0	374	283	1	4	1	0	5	0.8
11	0	374	283	2	14	7	0	21	0.666666666666667
11	0	374	283	3	20	4	0	24	0.833333333333333
11	0	374	283	4	39	10	0	49	0.795918367346939
11	0	374	283	5	42	11	0	53	0.792452830188679
11	0	374	1503	-1	0	0	0	0	0
11	0	374	1503	0	0	0	0	0	0
11	0	374	497	-1	93	36	0	129	0.720930232558139
11	0	374	497	0	93	36	0	129	0.720930232558139
11	0	375	436	-1	0	2	0	2	0
11	0	375	436	2	0	1	0	1	0
11	0	375	436	4	0	1	0	1	0
11	0	375	910	-1	12	2	0	14	0.857142857142857
11	0	375	910	6	12	2	0	14	0.857142857142857
11	0	375	911	-1	9	3	0	12	0.75
11	0	375	911	0	9	3	0	12	0.75
11	0	383	2446	-1	203	18	1	221	0.918552036199095
11	0	383	2446	0	203	18	1	221	0.918552036199095
