result_no	generate_no	e_no	act	s_no	timing	gowait	card_id	
6	0	1	20	5	345	90	12
6	0	1	30	7	345	346	665
6	0	1	40	1	345	346	1
6	0	1	50	8	345	346	1
6	0	1	60	9	345	346	137
6	0	1	70	10	345	347	201
6	0	1	80	3	348	346	3
6	0	1	90	4	349	346	11
6	0	1	100	2	353	347	2
6	0	2	10	8	345	90	223
6	0	2	20	7	345	90	659
6	0	2	30	13	356	346	581
6	0	2	40	28	363	346	593
6	0	2	50	10	357	346	416
6	0	2	60	12	355	346	638
6	0	2	70	6	359	346	294
6	0	2	80	11	349	347	1362
6	0	2	90	25	345	90	1361
6	0	2	100	17	345	90	666
6	0	3	10	25	345	90	777
6	0	3	20	8	360	347	3
6	0	3	30	9	398	347	235
6	0	3	40	10	352	347	768
6	0	3	50	12	353	347	703
6	0	3	60	13	345	346	174
6	0	3	70	14	345	346	709
6	0	3	80	15	345	346	1093
6	0	3	90	5	345	90	12
6	0	3	100	3	345	346	3
6	0	4	10	19	345	90	324
6	0	4	20	21	345	346	411
6	0	4	30	11	345	346	670
6	0	4	40	30	345	346	93
6	0	4	50	9	345	346	346
6	0	4	60	10	345	346	669
6	0	4	70	8	358	347	6
6	0	4	80	20	358	347	184
6	0	4	90	14	357	90	578
6	0	4	100	18	357	90	453
6	0	5	10	20	345	90	569
6	0	5	20	15	345	90	324
6	0	5	30	10	355	90	674
6	0	5	40	22	356	90	996
6	0	5	50	1	363	346	1
6	0	5	60	6	357	346	1
6	0	5	70	19	355	346	1371
6	0	5	80	8	358	346	137
6	0	5	90	7	359	347	201
6	0	5	100	17	349	347	584
6	0	6	10	24	345	90	1374
6	0	6	20	23	345	90	400
6	0	6	30	15	345	90	222
6	0	6	40	26	358	347	478
6	0	6	50	25	353	347	477
6	0	6	60	17	345	346	346
6	0	6	70	9	345	346	184
6	0	6	80	18	345	346	669
6	0	6	90	10	345	346	411
6	0	6	100	19	345	346	670
6	0	7	10	12	345	90	659
6	0	7	20	10	345	90	20
6	0	7	30	8	345	90	19
6	0	7	40	13	345	90	1376
6	0	7	50	11	345	90	1097
6	0	7	60	9	345	90	676
6	0	7	70	4	345	90	12
6	0	7	80	2	345	346	8
6	0	7	90	3	345	346	3
6	0	7	100	1	345	346	1
6	0	8	10	6	345	90	1098
6	0	8	20	12	345	347	677
6	0	8	30	1	345	347	8
6	0	8	40	2	345	347	1
6	0	8	50	4	345	347	21
6	0	8	60	7	345	347	8
6	0	8	70	8	345	347	302
6	0	8	80	9	345	347	303
6	0	8	90	11	345	347	560
6	0	9	20	25	345	90	904
6	0	9	30	19	345	346	314
6	0	9	40	20	345	346	315
6	0	9	50	21	345	346	316
6	0	9	60	22	345	346	317
6	0	9	70	27	345	346	328
6	0	9	80	29	345	346	700
6	0	9	90	16	345	346	1100
6	0	9	100	15	345	347	1099
6	0	10	10	2	345	90	307
6	0	10	20	3	345	90	601
6	0	10	30	5	345	90	243
6	0	10	40	25	345	90	15
6	0	10	50	23	345	347	910
6	0	10	60	14	345	346	283
6	0	10	70	10	345	346	355
6	0	10	80	12	345	346	683
6	0	10	90	19	345	347	410
6	0	10	100	21	345	90	1268
6	0	11	10	14	345	90	566
6	0	11	20	11	345	90	495
6	0	11	30	12	345	90	684
6	0	11	40	15	345	90	27
6	0	11	50	16	345	90	54
6	0	11	60	3	362	347	3
6	0	11	70	5	345	90	12
6	0	11	80	1	345	346	7
6	0	11	90	8	345	346	310
6	0	11	100	18	345	347	1103
6	0	12	20	4	351	347	3
6	0	12	30	5	345	90	426
6	0	12	40	14	345	346	249
6	0	12	50	11	345	346	10
6	0	12	60	13	345	347	573
6	0	12	70	16	345	346	1107
6	0	12	80	12	345	346	1105
6	0	12	90	15	345	347	1106
6	0	12	100	17	345	347	355
6	0	13	10	7	345	90	690
6	0	13	20	6	345	90	54
6	0	13	30	4	345	90	12
6	0	13	40	18	345	346	1381
6	0	13	50	20	345	346	687
6	0	13	60	19	345	346	686
6	0	13	70	16	345	346	1380
6	0	13	80	3	382	347	3
6	0	13	90	15	345	346	316
6	0	13	100	12	345	347	1378
6	0	14	10	7	345	90	231
6	0	14	20	8	345	90	934
6	0	14	30	6	345	90	36
6	0	14	40	15	345	90	12
6	0	14	50	1	345	346	5
6	0	14	60	2	345	346	5
6	0	14	70	3	345	346	1016
6	0	14	80	5	345	346	319
6	0	14	90	4	345	346	109
6	0	14	100	9	345	346	1108
6	0	15	10	11	345	90	692
6	0	15	20	15	345	90	932
6	0	15	30	5	345	90	12
6	0	15	40	3	360	347	3
6	0	15	50	14	356	346	585
6	0	15	60	16	363	346	719
6	0	15	70	8	357	346	321
6	0	15	80	6	355	346	320
6	0	15	90	17	358	347	720
6	0	16	10	2	345	346	5
6	0	16	20	4	345	346	109
6	0	16	30	6	345	346	446
6	0	16	40	3	345	346	5
6	0	16	50	15	345	346	4
6	0	16	60	11	345	90	1010
6	0	16	70	9	345	90	521
6	0	16	80	8	345	90	695
6	0	16	90	22	345	90	1383
6	0	16	100	10	345	90	696
6	0	17	10	8	359	90	326
6	0	17	20	7	356	346	325
6	0	17	30	11	363	346	568
6	0	17	40	12	357	346	101
6	0	17	50	16	355	346	677
6	0	17	60	10	358	346	560
6	0	17	70	5	359	347	31
6	0	17	80	9	349	347	8
6	0	17	90	4	345	90	12
6	0	17	100	1	353	347	8
6	0	18	10	4	356	346	32
6	0	18	20	6	355	90	1111
6	0	18	30	11	355	90	305
6	0	18	40	14	358	346	1019
6	0	18	50	8	359	347	328
6	0	18	60	1	359	346	4
6	0	18	70	3	359	346	3
6	0	18	80	10	359	346	330
6	0	18	90	9	359	346	329
6	0	18	100	13	365	347	700
6	0	19	10	1	345	346	5
6	0	19	20	1	345	346	5
6	0	19	30	1	357	347	5
6	0	19	40	2	345	347	4
6	0	19	50	3	348	347	3
6	0	20	10	25	345	90	347
6	0	20	20	28	363	90	1394
6	0	20	30	1	363	90	333
6	0	20	40	17	345	346	1388
6	0	20	50	16	345	346	457
6	0	20	60	18	345	346	431
6	0	20	70	13	355	347	1386
6	0	20	80	8	345	346	1113
6	0	20	90	9	349	347	1114
6	0	20	100	15	361	347	1203
6	0	22	10	1	345	90	12
6	0	22	20	2	345	346	1
6	0	22	30	3	345	346	2
6	0	22	40	7	345	346	1
6	0	22	50	5	345	346	3
6	0	22	60	4	345	346	35
6	0	22	70	11	345	346	201
6	0	22	80	12	345	346	1358
6	0	22	90	8	345	347	137
6	0	22	100	9	345	347	225
6	0	23	10	8	345	90	566
6	0	23	20	9	345	90	566
6	0	23	30	11	345	90	12
6	0	23	40	1	345	346	7
6	0	23	50	4	345	346	1
6	0	23	60	12	345	346	119
6	0	23	70	2	345	346	7
6	0	23	80	3	345	346	7
6	0	23	90	5	345	346	338
6	0	23	100	6	345	347	158
6	0	24	10	5	345	90	222
6	0	24	20	4	345	90	705
6	0	24	30	3	345	90	340
6	0	24	40	28	345	90	833
6	0	24	50	24	345	90	814
6	0	24	60	6	345	346	283
6	0	24	70	7	345	346	436
6	0	24	80	1	345	346	7
6	0	24	90	2	345	346	10
6	0	26	10	19	364	347	359
6	0	26	20	20	464	347	663
6	0	26	30	15	345	90	753
6	0	26	40	1	345	90	12
6	0	26	50	21	345	90	1398
6	0	26	60	9	345	90	243
6	0	26	70	18	345	90	42
6	0	26	80	4	348	347	3
6	0	26	90	13	345	346	41
6	0	26	100	11	345	346	321
6	0	27	10	1	345	347	4
6	0	27	20	2	345	347	8
6	0	27	30	3	345	347	3
6	0	28	10	13	350	347	235
6	0	28	20	9	369	347	708
6	0	28	30	10	367	347	174
6	0	28	40	11	368	347	709
6	0	28	50	7	369	347	336
6	0	28	60	3	360	347	3
6	0	28	70	1	345	346	8
6	0	28	80	2	345	346	1
6	0	28	90	5	345	90	12
6	0	28	100	12	370	347	3
6	0	29	10	3	362	347	3
6	0	29	20	1	345	346	5
6	0	29	30	8	357	347	710
6	0	29	40	10	345	90	711
6	0	30	20	2	345	346	9
6	0	30	30	15	345	346	677
6	0	30	40	17	345	346	1120
6	0	30	50	5	345	90	12
6	0	30	60	1	345	346	5
6	0	30	70	6	345	346	8
6	0	30	80	3	348	347	3
6	0	30	90	12	345	90	713
6	0	30	100	20	358	347	1122
6	0	31	10	10	356	346	677
6	0	31	20	12	363	346	607
6	0	31	30	11	357	346	715
6	0	31	40	15	355	347	1196
6	0	31	50	19	358	346	1400
6	0	31	60	20	359	346	22
6	0	31	70	16	349	347	998
6	0	31	80	27	345	90	243
6	0	31	90	21	345	90	450
6	0	31	100	22	345	90	1401
6	0	32	10	10	345	90	1390
6	0	32	20	8	345	90	347
6	0	32	30	9	345	90	358
6	0	32	40	24	345	90	578
6	0	32	50	19	345	346	726
6	0	32	60	17	345	346	411
6	0	32	70	18	355	346	670
6	0	32	80	30	358	346	1135
6	0	32	90	29	359	346	1269
6	0	32	100	28	349	346	607
6	0	33	30	4	345	90	46
6	0	33	40	3	351	347	3
6	0	33	50	2	345	346	2
6	0	33	60	10	345	346	560
6	0	33	70	5	345	90	12
6	0	33	80	6	345	346	169
6	0	33	90	11	345	346	677
6	0	33	100	1	345	347	8
6	0	34	10	10	345	347	374
6	0	34	20	6	345	90	12
6	0	34	30	13	345	346	835
6	0	34	40	14	345	347	64
6	0	34	50	5	345	90	47
6	0	34	60	3	371	347	3
6	0	35	10	8	345	90	1407
6	0	35	20	3	345	90	20
6	0	35	30	1	345	90	12
6	0	35	40	12	357	347	1138
6	0	35	50	11	359	347	720
6	0	35	60	10	355	347	719
6	0	35	70	14	358	346	131
6	0	35	80	13	372	346	9
6	0	35	90	16	373	346	3
6	0	35	100	15	345	346	8
6	0	36	10	12	345	90	223
6	0	36	20	13	345	90	222
6	0	36	30	10	345	90	976
6	0	36	40	9	345	90	1410
6	0	36	50	8	345	90	1409
6	0	36	60	7	345	90	711
6	0	36	70	6	360	347	928
6	0	36	80	1	348	347	3
6	0	36	90	5	395	346	768
6	0	36	100	4	382	346	235
6	0	37	10	20	345	90	1411
6	0	37	20	17	345	346	315
6	0	37	30	8	345	346	355
6	0	37	40	11	345	346	41
6	0	37	50	19	345	346	317
6	0	37	60	10	442	346	1125
6	0	37	70	13	443	346	1126
6	0	37	80	6	345	90	12
6	0	37	90	3	371	347	3
6	0	37	100	12	374	347	3
6	0	38	10	5	345	90	12
6	0	38	20	11	383	347	3
6	0	38	30	3	383	347	3
6	0	38	40	12	350	347	235
6	0	38	50	13	421	347	768
6	0	38	60	14	345	90	59
6	0	38	70	2	345	346	9
6	0	38	80	6	345	346	356
6	0	38	90	1	345	347	10
6	0	39	10	7	345	90	358
6	0	39	20	15	345	346	411
6	0	39	30	8	345	90	723
6	0	39	40	4	345	346	50
6	0	39	50	12	345	346	726
6	0	39	60	6	345	90	1096
6	0	39	70	10	345	346	724
6	0	40	10	11	345	90	451
6	0	40	20	5	364	90	693
6	0	40	30	14	376	346	768
6	0	40	40	3	371	347	3
6	0	40	50	14	360	347	768
6	0	40	60	3	377	346	3
6	0	41	10	1	345	346	9
6	0	41	20	2	378	347	6
6	0	41	30	3	351	347	3
6	0	42	10	11	345	90	362
6	0	42	20	17	357	90	467
6	0	42	30	3	345	346	1358
6	0	42	40	4	345	346	137
6	0	42	50	5	345	346	201
6	0	42	60	9	345	90	12
6	0	42	70	1	345	346	1
6	0	42	80	2	345	346	1
6	0	42	90	20	345	347	189
6	0	42	100	15	345	347	1542
6	0	43	10	4	345	90	53
6	0	43	20	10	345	90	324
6	0	43	30	3	379	346	3
6	0	43	40	5	345	90	964
6	0	43	50	7	345	90	12
6	0	44	10	8	345	346	338
6	0	44	20	9	345	346	338
6	0	44	30	11	345	346	131
6	0	44	40	15	345	346	1348
6	0	44	50	14	345	346	1416
6	0	44	60	1	345	346	7
6	0	44	70	6	345	346	7
6	0	44	80	7	345	346	7
6	0	44	90	2	345	347	4
6	0	44	100	10	345	347	9
6	0	45	10	9	395	346	768
6	0	45	20	14	426	346	703
6	0	45	30	21	382	346	1276
6	0	45	40	7	345	346	3
6	0	45	50	8	345	346	235
6	0	45	60	11	345	346	174
6	0	45	70	23	345	346	1418
6	0	45	80	12	345	346	709
6	0	45	90	13	348	347	928
6	0	45	100	17	348	347	1131
6	0	46	10	14	345	90	368
6	0	46	20	19	345	90	1420
6	0	46	30	2	345	346	8
6	0	46	40	10	345	346	729
6	0	46	50	11	345	346	730
6	0	46	60	12	345	346	1133
6	0	46	70	17	345	346	665
6	0	46	80	16	345	346	1419
6	0	46	90	8	354	347	8
6	0	48	10	4	345	90	495
6	0	48	20	3	345	90	368
6	0	48	30	23	345	346	726
6	0	48	40	24	345	346	731
6	0	48	50	21	345	346	411
6	0	48	60	22	345	346	715
6	0	48	70	12	345	346	725
6	0	48	80	13	345	346	730
6	0	48	90	14	345	347	724
6	0	48	100	15	345	347	729
6	0	49	10	17	360	347	1093
6	0	49	20	15	345	346	768
6	0	49	30	10	345	346	235
6	0	49	40	13	360	347	709
6	0	49	50	9	345	346	174
6	0	49	60	1	345	346	9
6	0	49	70	2	345	346	7
6	0	49	80	5	345	90	12
6	0	49	90	3	345	346	3
6	0	49	100	7	345	346	3
6	0	50	10	2	345	346	2
6	0	50	20	1	358	347	10
6	0	50	30	3	359	347	3
6	0	51	10	25	345	347	586
6	0	51	20	6	345	90	15
6	0	51	30	3	345	90	243
6	0	51	40	1	345	90	61
6	0	51	50	24	359	347	410
6	0	51	60	14	345	346	4
6	0	51	70	2	345	90	12
6	0	51	80	15	345	346	6
6	0	51	90	16	382	347	3
6	0	51	100	9	345	90	1268
6	0	52	10	5	371	347	3
6	0	52	20	12	358	347	184
6	0	52	30	11	354	347	331
6	0	52	40	6	345	90	12
6	0	52	50	2	357	346	735
6	0	52	60	13	353	346	795
6	0	52	70	3	356	346	6
6	0	52	80	4	355	346	2
6	0	52	90	14	349	346	411
6	0	52	100	8	365	347	412
6	0	53	10	1	345	346	1
6	0	53	20	2	345	346	1
6	0	53	30	3	345	346	1358
6	0	53	40	4	345	346	4
6	0	53	50	9	345	346	137
6	0	53	60	10	345	346	201
6	0	53	70	6	345	346	63
6	0	53	80	7	345	90	12
6	0	53	90	5	345	347	3
6	0	53	100	8	345	90	373
6	0	54	60	1	345	347	5
6	0	54	70	2	345	347	10
6	0	54	80	3	370	347	3
6	0	55	10	1	345	90	12
6	0	55	20	19	366	347	3
6	0	55	30	18	368	347	235
6	0	55	40	2	345	90	450
6	0	55	50	5	345	90	61
6	0	55	60	4	345	90	243
6	0	55	70	16	345	346	585
6	0	55	80	11	345	346	321
6	0	55	90	14	345	346	5
6	0	55	100	15	345	346	4
6	0	56	10	1	349	347	1
6	0	56	20	8	359	347	376
6	0	56	30	12	359	346	38
6	0	56	40	3	358	347	3
6	0	56	50	18	358	346	1139
6	0	56	60	19	355	346	1140
6	0	56	70	7	355	346	1
6	0	56	80	11	357	346	201
6	0	56	90	5	345	90	12
6	0	56	100	13	356	346	737
6	0	57	10	1	345	90	12
6	0	57	20	9	351	347	3
6	0	57	30	10	351	347	3
6	0	57	40	15	345	346	1093
6	0	57	50	14	345	346	709
6	0	57	60	13	345	346	174
6	0	57	70	12	345	346	768
6	0	57	80	11	345	346	235
6	0	57	90	6	345	346	1141
6	0	57	100	16	424	347	336
6	0	58	10	8	345	90	379
6	0	58	20	7	345	90	378
6	0	58	30	10	345	90	364
6	0	58	40	6	345	346	336
6	0	58	50	16	345	346	708
6	0	58	60	5	345	90	12
6	0	58	70	3	345	346	3
6	0	58	80	17	382	347	174
6	0	58	90	12	370	347	235
6	0	58	100	18	370	347	709
6	0	59	40	3	351	347	3
6	0	59	50	4	345	90	68
6	0	59	60	5	345	90	12
6	0	59	70	4	345	90	68
6	0	59	80	2	345	346	5
6	0	59	90	6	345	90	739
6	0	60	10	23	345	90	615
6	0	60	20	13	345	346	5
6	0	60	30	11	345	346	7
6	0	60	40	2	345	346	381
6	0	60	50	26	345	90	12
6	0	60	60	3	345	346	764
6	0	60	70	1	348	347	3
6	0	60	80	12	348	347	319
6	0	60	90	20	371	90	215
6	0	60	100	16	371	90	36
6	0	61	10	23	345	90	870
6	0	61	20	24	345	90	823
6	0	61	30	5	345	90	27
6	0	61	40	31	345	90	54
6	0	61	50	20	345	90	1432
6	0	61	60	19	345	90	36
6	0	61	70	34	345	346	448
6	0	61	80	35	345	346	994
6	0	61	90	13	345	346	1430
6	0	61	100	8	345	346	422
6	0	62	10	19	345	90	1390
6	0	62	20	20	345	90	68
6	0	62	30	14	345	347	477
6	0	62	40	18	345	346	501
6	0	62	50	9	345	346	386
6	0	62	60	8	345	346	385
6	0	62	70	7	345	346	1
6	0	62	80	17	345	346	949
6	0	62	90	12	345	347	201
6	0	63	10	11	345	90	778
6	0	63	20	8	345	90	305
6	0	63	30	4	345	346	328
6	0	63	40	4	345	347	328
6	0	63	50	2	345	347	7
6	0	63	60	7	345	90	12
6	0	63	70	9	362	347	3
6	0	63	80	9	351	347	3
6	0	64	10	17	345	90	911
6	0	64	20	9	345	90	497
6	0	64	30	8	345	90	59
6	0	64	40	12	345	90	659
6	0	64	50	11	345	90	20
6	0	64	60	10	345	90	19
6	0	64	70	7	345	346	415
6	0	64	80	1	345	346	6
6	0	64	90	2	345	347	9
6	0	65	10	10	345	90	324
6	0	65	20	5	345	90	12
6	0	65	30	16	345	346	677
6	0	65	40	1	345	346	8
6	0	65	50	12	345	346	8
6	0	65	60	2	345	346	2
6	0	65	70	13	345	347	560
6	0	65	80	3	383	347	3
6	0	65	90	15	345	90	219
6	0	65	100	9	345	90	389
6	0	66	20	14	345	90	75
6	0	66	30	15	345	90	61
6	0	66	40	16	345	90	243
6	0	66	50	11	384	347	1
6	0	66	60	5	350	347	3
6	0	66	70	2	358	347	201
6	0	66	80	6	357	347	385
6	0	66	90	13	345	346	355
6	0	66	100	1	385	346	748
6	0	67	10	3	351	347	3
6	0	67	20	1	345	346	4
6	0	67	30	2	345	347	1
6	0	68	10	12	345	90	311
6	0	68	20	14	345	90	54
6	0	68	30	9	345	90	565
6	0	68	40	6	345	90	393
6	0	68	50	2	345	346	10
6	0	68	60	16	345	346	9
6	0	68	70	1	355	346	9
6	0	68	80	5	345	90	12
6	0	68	90	20	358	347	81
6	0	68	100	3	348	347	3
6	0	69	10	5	345	90	139
6	0	69	20	3	345	346	9
6	0	69	30	2	345	346	38
6	0	69	40	9	345	346	719
6	0	69	50	11	345	90	12
6	0	69	60	6	367	347	3
6	0	69	70	12	345	346	394
6	0	69	80	10	424	347	720
6	0	70	30	4	370	347	3
6	0	70	40	2	345	346	9
6	0	70	50	6	345	90	12
6	0	70	60	3	345	347	5
6	0	70	70	5	345	346	78
6	0	70	80	9	345	347	109
6	0	70	90	1	345	90	395
6	0	71	10	11	345	90	753
6	0	71	20	15	345	90	1164
6	0	71	30	8	345	90	243
6	0	71	40	14	345	90	943
6	0	71	50	4	345	90	61
6	0	71	60	6	345	346	173
6	0	71	70	7	345	346	355
6	0	71	80	9	345	346	321
6	0	71	90	10	345	346	41
6	0	71	100	3	349	347	3
6	0	72	10	14	345	346	1150
6	0	72	20	10	345	346	416
6	0	72	30	11	345	346	1149
6	0	72	40	8	345	347	133
6	0	72	50	13	345	346	946
6	0	72	60	4	345	346	79
6	0	72	70	16	345	346	868
6	0	72	80	15	345	347	694
6	0	72	90	19	345	90	1233
6	0	74	10	7	345	90	243
6	0	74	20	3	360	347	3
6	0	74	30	11	345	347	41
6	0	74	40	1	345	347	9
6	0	74	50	2	345	347	5
6	0	75	10	20	345	90	685
6	0	75	20	9	345	90	400
6	0	75	30	18	345	90	1443
6	0	75	40	19	345	90	1444
6	0	75	50	7	345	90	196
6	0	75	60	15	356	347	478
6	0	75	70	4	345	346	727
6	0	75	80	2	345	346	4
6	0	75	90	3	351	346	3
6	0	75	100	13	357	346	708
6	0	76	10	15	345	90	243
6	0	76	20	14	345	90	61
6	0	76	30	16	345	90	601
6	0	76	40	13	389	347	709
6	0	76	50	6	382	347	235
6	0	76	60	5	388	346	3
6	0	76	70	1	345	90	12
6	0	76	80	4	388	346	3
6	0	76	90	12	388	346	174
6	0	76	100	2	345	346	4
6	0	77	10	1	345	347	1
6	0	77	20	5	345	90	12
6	0	77	30	2	345	347	2
6	0	77	40	3	389	347	3
6	0	78	10	30	363	90	305
6	0	78	20	8	363	90	305
6	0	78	30	21	357	90	333
6	0	78	40	20	357	90	1154
6	0	78	50	6	345	346	249
6	0	78	60	26	345	346	919
6	0	78	70	15	345	346	760
6	0	78	80	16	345	346	761
6	0	78	90	13	345	347	66
6	0	78	100	27	345	347	330
6	0	79	10	26	356	347	416
6	0	79	20	5	345	90	12
6	0	79	30	20	345	346	1241
6	0	79	40	16	345	346	328
6	0	79	50	8	362	347	405
6	0	79	60	23	390	347	571
6	0	79	70	7	345	90	1156
6	0	80	10	12	345	90	231
6	0	80	20	11	345	90	36
6	0	80	30	4	345	346	3
6	0	80	40	7	345	346	4
6	0	80	50	3	345	90	12
6	0	80	60	5	345	346	5
6	0	80	70	6	345	346	5
6	0	80	80	8	345	346	319
6	0	80	90	9	345	347	109
6	0	81	10	13	363	90	763
6	0	81	20	11	345	90	15
6	0	81	30	14	345	90	59
6	0	81	40	10	345	90	243
6	0	81	50	19	345	90	1164
6	0	81	60	18	345	90	943
6	0	81	70	3	360	347	3
6	0	81	80	9	345	346	410
6	0	81	90	12	345	346	41
6	0	81	100	8	345	346	355
6	0	83	10	1	356	346	8
6	0	83	20	2	363	346	7
6	0	83	30	3	357	347	3
6	0	84	10	5	345	90	12
6	0	84	20	3	351	347	3
6	0	84	30	20	345	346	283
6	0	84	40	16	357	347	612
6	0	84	50	4	349	347	65
6	0	84	60	18	345	90	705
6	0	84	70	22	345	90	222
6	0	84	80	27	345	90	1290
6	0	84	90	24	345	90	1287
6	0	84	100	17	345	90	340
6	0	86	10	13	345	90	305
6	0	86	20	23	345	90	427
6	0	86	30	20	345	90	615
6	0	86	40	7	362	347	414
6	0	86	50	1	363	346	4
6	0	86	60	2	357	347	5
6	0	86	70	14	345	346	109
6	0	86	80	12	345	90	1158
6	0	86	90	17	345	90	475
6	0	87	10	3	362	347	3
6	0	87	20	1	345	347	8
6	0	87	30	2	345	347	4
6	0	88	10	12	345	90	497
6	0	88	20	1	345	347	9
6	0	88	30	2	345	346	2
6	0	88	40	2	345	346	2
6	0	88	50	1	345	347	9
6	0	88	60	3	345	347	3
6	0	89	10	26	345	90	14
6	0	89	20	25	345	90	666
6	0	89	30	17	345	346	1162
6	0	89	40	20	345	346	79
6	0	89	50	13	345	346	109
6	0	89	60	14	345	346	528
6	0	89	70	27	345	347	1431
6	0	89	80	24	345	90	1446
6	0	89	90	21	345	90	231
6	0	89	100	18	345	90	36
6	0	90	10	2	345	346	5
6	0	90	20	1	345	346	10
6	0	90	30	5	345	90	12
6	0	90	40	7	345	346	419
6	0	90	50	10	345	346	10
6	0	90	60	11	345	346	573
6	0	90	70	12	345	347	65
6	0	90	80	4	345	90	91
6	0	91	10	8	345	90	1164
6	0	91	20	6	345	90	243
6	0	91	30	10	345	90	753
6	0	91	40	2	345	347	4
6	0	91	50	15	345	346	321
6	0	91	60	13	345	347	41
6	0	91	70	16	345	346	416
6	0	91	80	17	345	90	666
6	0	91	90	11	345	90	52
6	0	92	10	1	345	346	4
6	0	92	20	1	345	346	4
6	0	92	30	2	345	346	1
6	0	92	40	3	351	347	3
6	0	92	50	1	345	347	4
6	0	93	10	14	345	90	97
6	0	93	20	13	345	90	96
6	0	93	30	12	345	90	159
6	0	93	40	9	345	90	497
6	0	93	50	5	345	90	12
6	0	93	60	6	345	346	421
6	0	93	70	8	345	346	767
6	0	93	80	2	345	346	7
6	0	93	90	10	345	347	7
6	0	94	30	3	362	347	3
6	0	94	40	2	345	346	4
6	0	94	50	1	345	347	8
6	0	95	10	9	444	346	768
6	0	95	20	8	382	346	235
6	0	95	30	16	465	346	174
6	0	95	40	7	351	347	3
6	0	95	50	1	345	90	12
6	0	95	60	4	360	347	3
6	0	95	70	3	345	346	5
6	0	95	80	10	345	90	1165
6	0	95	90	6	345	90	654
6	0	95	100	5	345	347	422
6	0	96	10	4	345	90	12
6	0	96	20	3	382	347	3
6	0	96	30	21	355	347	614
6	0	96	40	22	345	346	516
6	0	96	50	23	345	347	846
6	0	96	60	19	345	347	338
6	0	96	70	24	345	90	271
6	0	96	80	20	345	346	206
6	0	96	90	11	345	347	328
6	0	97	10	20	345	90	1291
6	0	97	20	21	345	90	1292
6	0	97	30	24	345	90	1295
6	0	97	40	19	345	90	1290
6	0	97	50	18	345	90	1289
6	0	97	60	26	345	90	1296
6	0	97	70	25	427	347	336
6	0	97	80	4	345	90	12
6	0	97	90	3	360	347	3
6	0	99	10	1	345	90	426
6	0	99	20	2	345	90	341
6	0	99	30	8	345	90	911
6	0	99	40	9	345	90	12
6	0	99	50	17	345	346	436
6	0	99	60	19	345	346	283
6	0	99	70	20	345	346	910
6	0	99	80	22	360	347	3
6	0	99	90	15	345	346	585
6	0	99	100	16	345	347	586
6	0	100	10	18	345	90	460
6	0	100	20	3	394	346	3
6	0	100	30	4	388	346	3
6	0	100	40	5	394	346	174
6	0	100	50	6	394	346	235
6	0	100	60	17	345	90	976
6	0	100	70	13	382	346	703
6	0	100	80	10	382	346	768
6	0	100	90	14	358	347	709
6	0	100	100	15	359	346	1093
6	0	102	10	9	345	346	10
6	0	102	20	2	345	346	10
6	0	102	30	11	345	346	396
6	0	102	40	10	345	347	573
6	0	102	50	1	345	346	2
6	0	102	60	13	345	347	1128
6	0	102	70	5	345	90	12
6	0	102	80	3	345	347	3
6	0	102	90	4	345	347	100
6	0	103	10	32	345	346	720
6	0	103	20	34	345	346	3
6	0	103	30	24	356	90	218
6	0	103	40	22	356	90	1007
6	0	103	50	16	363	90	1009
6	0	103	60	13	363	90	1394
6	0	103	70	19	363	90	1169
6	0	103	80	7	345	90	340
6	0	103	90	2	345	90	774
6	0	103	100	5	345	90	1452
6	0	104	10	4	345	90	1454
6	0	104	20	6	345	90	684
6	0	104	30	9	345	90	782
6	0	104	40	24	345	346	585
6	0	104	50	22	345	346	317
6	0	104	60	23	345	346	316
6	0	104	70	16	345	346	4
6	0	104	80	15	345	346	5
6	0	104	90	1	345	90	12
6	0	104	100	17	345	346	3
6	0	105	30	10	345	347	137
6	0	105	40	15	345	347	625
6	0	105	50	6	345	90	12
6	0	105	60	8	345	346	784
6	0	105	70	4	345	347	261
6	0	105	80	3	362	347	3
6	0	106	10	6	345	90	222
6	0	106	20	7	345	90	1180
6	0	106	30	8	345	90	24
6	0	106	40	9	356	346	786
6	0	106	50	18	363	346	285
6	0	106	60	14	357	346	409
6	0	106	70	11	355	346	789
6	0	106	80	12	358	347	375
6	0	106	90	13	359	347	439
6	0	107	20	11	345	90	698
6	0	107	30	1	345	90	12
6	0	107	40	2	345	346	8
6	0	107	50	5	345	346	8
6	0	107	60	6	345	346	560
6	0	107	70	7	345	346	677
6	0	107	80	3	345	346	4
6	0	107	90	4	351	347	3
6	0	108	20	12	345	90	500
6	0	108	30	10	345	347	174
6	0	108	40	14	345	90	20
6	0	108	50	5	345	90	12
6	0	108	60	1	345	347	7
6	0	108	70	2	363	346	10
6	0	108	80	3	382	346	3
6	0	108	90	11	345	90	850
6	0	109	10	15	345	90	769
6	0	109	20	4	345	90	12
6	0	109	30	10	345	90	231
6	0	109	40	14	345	90	712
6	0	109	50	12	362	347	235
6	0	109	60	9	345	90	36
6	0	109	70	8	345	346	109
6	0	109	80	7	345	346	1181
6	0	109	90	6	345	346	5
6	0	109	100	14	345	90	712
6	0	110	10	5	345	346	789
6	0	110	20	11	345	347	439
6	0	110	30	3	345	346	184
6	0	110	40	12	345	346	409
6	0	110	50	4	345	346	411
6	0	110	60	9	345	346	8
6	0	110	70	8	345	90	790
6	0	110	80	7	345	90	578
6	0	110	90	2	345	346	6
6	0	110	100	1	345	346	6
6	0	111	10	1	345	90	1172
6	0	111	20	11	348	347	394
6	0	111	30	2	345	90	12
6	0	111	40	10	395	347	235
6	0	111	50	8	394	347	3
6	0	111	60	8	394	347	3
6	0	111	70	13	464	90	430
6	0	111	80	5	345	346	7
6	0	111	90	6	345	346	4
6	0	111	100	14	345	90	791
6	0	112	10	23	345	90	223
6	0	112	20	20	345	346	478
6	0	112	30	15	345	90	829
6	0	112	40	13	358	347	412
6	0	112	50	9	363	346	792
6	0	112	60	14	363	346	884
6	0	112	70	13	363	346	412
6	0	112	80	18	345	90	547
6	0	112	90	16	345	90	546
6	0	112	100	5	345	90	106
6	0	113	10	1	345	90	12
6	0	113	20	8	345	90	443
6	0	113	30	14	379	347	571
6	0	113	40	17	345	346	416
6	0	113	50	18	345	90	417
6	0	113	60	2	345	346	1
6	0	113	70	3	345	346	5
6	0	113	80	11	345	346	109
6	0	113	90	9	345	346	528
6	0	114	20	10	345	347	795
6	0	114	30	9	345	347	2
6	0	114	40	8	345	347	431
6	0	114	50	3	345	347	6
6	0	114	60	1	378	347	8
6	0	114	70	13	370	347	3
6	0	114	80	2	345	90	353
6	0	114	90	14	345	347	108
6	0	115	10	8	345	90	1006
6	0	115	20	12	345	346	683
6	0	115	30	1	345	347	4
6	0	115	40	2	345	347	6
6	0	115	50	3	351	346	3
6	0	115	60	3	446	346	3
6	0	115	70	4	371	347	109
6	0	116	10	12	345	90	495
6	0	116	20	13	345	90	684
6	0	116	30	1	345	346	6
6	0	116	40	8	345	346	355
6	0	116	50	2	345	346	2
6	0	116	60	4	345	346	110
6	0	116	70	9	345	346	41
6	0	117	10	5	345	346	5
6	0	117	20	2	345	346	5
6	0	117	30	7	345	346	109
6	0	117	40	19	345	346	703
6	0	117	50	6	345	346	446
6	0	117	60	9	345	346	796
6	0	117	70	4	345	346	3
6	0	117	80	8	345	346	528
6	0	117	90	3	345	346	8
6	0	118	20	3	351	347	3
6	0	118	30	1	362	347	9
6	0	118	40	2	394	347	7
6	0	118	50	5	345	90	12
6	0	119	10	21	345	90	659
6	0	119	20	15	345	90	500
6	0	119	30	13	345	346	709
6	0	119	40	12	345	346	708
6	0	119	50	10	345	347	235
6	0	119	60	5	345	90	12
6	0	119	70	20	345	346	1093
6	0	119	80	7	345	346	174
6	0	119	90	18	395	347	768
6	0	120	10	1	345	347	4
6	0	120	20	2	345	347	5
6	0	120	30	3	466	347	3
6	0	121	10	3	360	347	3
6	0	121	20	1	345	347	5
6	0	121	30	2	345	347	4
6	0	121	40	3	379	347	3
6	0	121	50	4	396	347	114
6	0	122	10	16	345	90	911
6	0	122	20	15	345	90	497
6	0	122	30	26	345	90	1096
6	0	122	40	17	345	346	1185
6	0	122	50	28	345	346	283
6	0	122	60	29	345	347	910
6	0	122	70	20	345	346	375
6	0	122	80	25	345	347	1466
6	0	122	90	8	345	90	453
6	0	122	100	5	345	90	116
6	0	123	10	8	345	90	627
6	0	123	20	9	345	90	613
6	0	123	30	1	363	347	8
6	0	123	40	2	386	346	6
6	0	123	50	5	363	347	409
6	0	123	60	6	371	346	189
6	0	123	70	7	371	347	441
6	0	123	80	12	447	346	560
6	0	123	90	12	380	346	560
6	0	123	100	13	354	346	715
6	0	124	10	10	345	90	362
6	0	124	20	11	345	90	751
6	0	124	30	9	345	90	222
6	0	124	40	19	345	90	996
6	0	124	50	17	345	90	605
6	0	124	60	26	345	346	959
6	0	124	70	33	345	346	1467
6	0	124	80	28	345	346	550
6	0	124	90	31	345	346	119
6	0	124	100	32	345	346	388
6	0	125	10	18	345	346	560
6	0	125	20	17	345	346	111
6	0	125	30	19	345	347	390
6	0	125	40	23	371	347	749
6	0	125	50	9	345	90	340
6	0	125	60	12	345	90	705
6	0	125	70	15	345	90	125
6	0	125	80	14	345	90	128
6	0	125	90	2	345	90	845
6	0	125	100	3	345	90	1474
6	0	126	20	3	362	347	3
6	0	126	30	2	345	346	10
6	0	126	40	1	345	346	1
6	0	126	50	5	345	346	119
6	0	126	60	4	345	347	118
6	0	127	10	19	345	90	705
6	0	127	20	16	345	90	340
6	0	127	30	23	345	90	222
6	0	127	40	1	345	346	4
6	0	127	50	2	345	346	5
6	0	127	60	4	345	346	571
6	0	127	70	15	345	346	1192
6	0	127	80	14	345	90	12
6	0	127	90	3	345	346	3
6	0	128	10	11	361	347	1335
6	0	128	20	4	354	347	130
6	0	128	30	6	424	347	734
6	0	128	40	3	345	346	3
6	0	128	50	2	345	346	9
6	0	128	60	5	345	90	12
6	0	128	70	1	345	346	10
6	0	128	80	7	345	346	10
6	0	128	90	10	345	346	249
6	0	128	100	9	345	346	573
6	0	130	10	3	351	346	3
6	0	130	20	9	345	90	481
6	0	130	30	8	345	90	311
6	0	130	40	10	345	346	173
6	0	130	50	4	345	346	132
6	0	130	60	5	345	90	12
6	0	130	70	6	345	90	458
6	0	130	80	7	345	90	805
6	0	131	10	7	345	90	460
6	0	131	20	10	345	90	808
6	0	131	30	11	345	90	292
6	0	131	40	3	351	347	3
6	0	131	50	5	345	90	12
6	0	131	60	20	345	346	1476
6	0	131	70	21	345	346	761
6	0	131	80	1	345	346	4
6	0	131	90	2	345	346	7
6	0	132	10	3	378	346	3
6	0	132	20	12	345	346	750
6	0	132	30	8	345	346	933
6	0	132	40	2	345	346	10
6	0	132	50	9	345	347	319
6	0	132	60	6	345	90	1194
6	0	132	70	4	345	90	809
6	0	133	10	3	345	346	1481
6	0	133	20	17	345	346	1196
6	0	133	30	4	345	346	134
6	0	133	40	16	345	346	32
6	0	133	50	8	345	347	462
6	0	133	60	21	345	346	412
6	0	133	70	9	345	346	463
6	0	133	80	15	345	346	810
6	0	133	90	2	345	347	1480
6	0	134	10	14	345	347	571
6	0	134	20	5	345	90	12
6	0	134	30	13	345	347	528
6	0	134	40	1	345	347	5
6	0	134	50	12	345	347	109
6	0	134	60	15	345	90	36
6	0	134	70	9	345	90	417
6	0	134	80	17	345	90	418
6	0	135	20	1	345	347	6
6	0	135	30	2	345	347	4
6	0	135	40	3	398	347	3
6	0	136	20	1	345	346	8
6	0	136	30	9	345	346	560
6	0	136	40	3	388	347	3
6	0	136	50	4	399	347	138
6	0	136	60	11	345	346	677
6	0	136	70	5	345	90	12
6	0	136	80	7	345	90	529
6	0	136	90	10	345	347	111
6	0	139	10	28	345	90	1485
6	0	139	20	9	345	90	243
6	0	139	30	3	362	347	3
6	0	139	40	27	345	346	719
6	0	139	50	2	345	346	4
6	0	139	60	4	345	90	139
6	0	139	70	1	345	346	7
6	0	139	80	12	345	346	979
6	0	139	90	6	345	347	397
6	0	139	100	10	345	347	361
6	0	140	10	11	467	90	1479
6	0	140	20	9	345	90	122
6	0	140	30	10	345	90	124
6	0	140	40	8	345	90	12
6	0	140	50	3	382	347	3
6	0	140	60	6	382	346	174
6	0	140	70	12	394	346	235
6	0	140	80	7	382	346	709
6	0	140	90	4	345	346	812
6	0	140	100	5	394	347	3
6	0	141	10	7	345	90	1249
6	0	141	20	10	345	90	911
6	0	141	30	5	345	90	813
6	0	141	40	6	345	90	814
6	0	141	50	18	345	90	12
6	0	141	60	20	345	346	2
6	0	141	70	23	345	346	1486
6	0	141	80	21	359	347	3
6	0	141	90	19	349	347	6
6	0	142	10	3	345	346	528
6	0	142	20	7	345	90	12
6	0	142	30	6	350	347	3
6	0	142	40	13	348	347	709
6	0	142	50	14	350	347	1093
6	0	142	60	12	351	347	174
6	0	142	70	11	387	347	703
6	0	142	80	9	351	347	768
6	0	142	90	23	345	90	659
6	0	143	10	13	345	90	54
6	0	143	20	11	345	90	362
6	0	143	30	16	345	90	627
6	0	143	40	5	345	90	472
6	0	143	50	8	345	346	1
6	0	143	60	7	345	346	137
6	0	143	70	18	357	347	1152
6	0	143	80	15	345	346	949
6	0	143	90	6	345	346	816
6	0	143	100	9	359	347	201
6	0	144	10	1	345	90	818
6	0	144	20	3	468	346	1093
6	0	144	30	2	444	346	768
6	0	144	40	4	469	346	703
6	0	144	50	6	394	346	709
6	0	144	60	5	470	346	235
6	0	144	70	9	382	346	174
6	0	144	80	7	408	347	3
6	0	144	90	8	351	347	3
6	0	145	20	6	345	90	12
6	0	145	30	2	345	346	9
6	0	145	40	1	345	347	5
6	0	145	50	3	348	347	3
6	0	145	60	5	345	90	145
6	0	146	40	9	345	346	477
6	0	146	50	5	345	90	47
6	0	146	60	6	345	90	12
6	0	146	70	1	345	347	10
6	0	146	80	4	345	346	146
6	0	146	100	2	345	347	5
6	0	147	10	9	345	90	277
6	0	147	20	17	345	90	615
6	0	147	30	8	345	90	222
6	0	147	40	5	345	90	12
6	0	147	50	3	371	347	3
6	0	147	60	4	345	346	147
6	0	147	70	29	345	346	939
6	0	147	80	6	345	346	479
6	0	147	90	1	345	346	7
6	0	147	100	2	345	347	9
6	0	148	10	5	345	90	12
6	0	148	20	3	379	347	3
6	0	148	30	2	345	346	8
6	0	148	40	1	448	347	1
6	0	148	50	1	345	346	1
6	0	148	60	4	358	347	822
6	0	149	10	7	345	90	480
6	0	149	20	10	345	346	321
6	0	149	30	16	345	346	338
6	0	149	40	15	345	346	131
6	0	149	50	26	345	90	54
6	0	149	60	22	345	90	565
6	0	149	70	6	345	90	12
6	0	149	80	12	345	90	311
6	0	149	90	24	345	90	924
6	0	149	100	1	349	347	5
6	0	150	20	4	392	347	3
6	0	150	30	2	358	347	5
6	0	150	40	3	345	347	7
6	0	151	20	5	345	90	12
6	0	151	30	1	345	347	6
6	0	151	40	4	402	90	70
6	0	151	50	2	345	346	5
6	0	151	60	3	383	347	3
6	0	154	10	6	345	90	12
6	0	154	20	3	394	347	3
6	0	154	30	4	394	347	3
6	0	154	40	2	356	346	7
6	0	154	50	1	363	346	4
6	0	154	60	8	357	346	235
6	0	154	70	5	355	90	151
6	0	155	30	5	345	346	7
6	0	155	40	4	403	346	9
6	0	155	50	6	351	346	3
6	0	155	60	7	366	346	3
6	0	155	70	12	404	346	708
6	0	155	80	8	368	346	235
6	0	155	90	1	345	90	12
6	0	155	100	13	357	346	859
6	0	156	20	6	374	90	485
6	0	156	30	4	345	347	152
6	0	156	40	7	363	90	696
6	0	156	50	5	345	90	12
6	0	156	60	4	378	347	152
6	0	156	70	1	345	347	1
6	0	156	80	2	357	346	10
6	0	156	90	4	355	347	152
6	0	156	100	6	358	90	485
6	0	157	10	2	345	90	546
6	0	157	20	19	345	90	275
6	0	157	30	22	345	90	829
6	0	157	40	10	370	347	487
6	0	157	50	5	351	347	3
6	0	157	60	14	355	347	827
6	0	157	70	17	357	347	793
6	0	157	80	9	363	347	167
6	0	157	90	12	356	346	331
6	0	158	50	1	345	347	4
6	0	158	60	2	345	347	7
6	0	158	70	3	351	347	3
6	0	158	80	7	345	347	477
6	0	158	90	14	345	347	719
6	0	159	10	17	345	90	832
6	0	159	20	18	345	90	833
6	0	159	30	6	345	90	324
6	0	159	40	5	345	90	489
6	0	159	50	11	345	90	635
6	0	159	60	10	345	90	904
6	0	159	70	12	357	90	831
6	0	159	80	8	345	347	317
6	0	159	90	1	345	90	12
6	0	159	100	7	345	346	316
6	0	160	10	14	345	346	708
6	0	160	20	13	345	346	709
6	0	160	30	12	345	346	336
6	0	160	40	11	345	346	235
6	0	160	50	9	351	347	174
6	0	160	60	8	360	347	3
6	0	160	70	4	345	90	12
6	0	160	80	3	360	347	3
6	0	160	90	1	345	346	4
6	0	160	100	2	345	346	5
6	0	161	30	3	405	346	3
6	0	161	40	9	345	90	493
6	0	161	50	2	357	347	4
6	0	161	60	6	345	347	133
6	0	162	20	8	345	346	10
6	0	162	30	2	345	346	5
6	0	162	40	5	345	90	12
6	0	162	50	1	345	346	10
6	0	162	60	11	345	346	835
6	0	162	80	3	406	347	3
6	0	163	10	20	345	346	409
6	0	163	20	8	345	90	495
6	0	163	30	22	345	90	1498
6	0	163	40	11	345	90	684
6	0	163	50	2	345	346	4
6	0	163	60	1	345	346	6
6	0	163	70	13	471	346	411
6	0	163	80	15	345	346	726
6	0	163	90	10	345	346	724
6	0	163	100	3	405	347	3
6	0	164	10	1	345	90	59
6	0	164	20	2	345	90	497
6	0	164	30	3	345	346	133
6	0	164	40	4	345	346	581
6	0	164	50	10	345	90	526
6	0	164	60	11	345	346	416
6	0	164	70	12	345	90	417
6	0	164	80	13	345	90	418
6	0	164	90	14	345	90	666
6	0	166	10	8	345	90	399
6	0	166	20	6	345	90	12
6	0	166	30	1	345	346	9
6	0	166	40	2	345	346	6
6	0	166	50	3	357	346	160
6	0	166	60	10	355	346	315
6	0	166	70	9	358	346	314
6	0	166	80	5	359	347	498
6	0	166	90	4	351	347	3
6	0	167	10	16	345	90	311
6	0	167	20	14	345	90	348
6	0	167	30	13	345	90	47
6	0	167	40	15	345	90	503
6	0	167	50	7	345	90	565
6	0	167	60	8	345	90	1006
6	0	167	70	11	345	90	823
6	0	167	80	5	373	346	841
6	0	167	90	25	345	90	215
6	0	167	100	21	345	90	1231
6	0	168	10	3	351	347	3
6	0	168	20	12	370	347	235
6	0	168	30	8	357	347	317
6	0	168	40	9	345	90	12
6	0	168	50	7	345	347	316
6	0	169	10	10	357	90	499
6	0	169	20	9	345	90	500
6	0	169	30	2	345	90	96
6	0	169	40	3	345	90	97
6	0	169	50	6	351	347	3
6	0	169	60	8	472	347	708
6	0	169	70	13	345	347	8
6	0	169	80	12	345	346	532
6	0	169	90	11	345	346	1100
6	0	172	10	3	397	346	3
6	0	172	20	4	345	90	569
6	0	172	30	5	345	90	843
6	0	172	40	6	345	90	12
6	0	172	50	1	345	347	1
6	0	173	10	8	345	347	5
6	0	173	20	14	345	90	756
6	0	173	30	17	345	90	231
6	0	173	40	16	345	90	36
6	0	173	50	10	345	346	571
6	0	173	60	5	345	346	1431
6	0	173	70	9	345	347	528
6	0	173	80	11	345	347	416
6	0	173	90	13	345	90	418
6	0	173	100	7	364	90	844
6	0	174	10	3	345	346	3
6	0	174	20	1	345	346	5
6	0	174	30	2	345	347	8
6	0	175	10	9	361	346	941
6	0	175	20	13	359	347	330
6	0	175	30	21	358	346	919
6	0	175	40	2	357	347	7
6	0	175	50	7	345	90	12
6	0	175	60	25	345	346	1273
6	0	175	70	15	345	346	846
6	0	175	80	10	345	346	328
6	0	175	90	16	345	346	29
6	0	176	50	3	371	347	3
6	0	176	60	1	402	346	9
6	0	176	70	2	345	347	6
6	0	177	10	7	363	347	143
6	0	177	20	1	363	347	10
6	0	177	30	4	363	346	917
6	0	177	40	6	363	347	504
6	0	177	50	2	363	347	5
6	0	178	20	1	345	347	5
6	0	178	30	5	345	347	167
6	0	178	40	2	345	347	2
6	0	178	50	3	370	347	3
6	0	179	10	6	345	347	708
6	0	179	20	7	345	347	848
6	0	179	30	5	345	90	507
6	0	179	40	2	345	90	1503
6	0	179	50	3	345	90	1180
6	0	179	60	1	345	346	1502
6	0	179	70	4	345	90	12
6	0	179	80	4	345	90	12
6	0	179	90	9	345	346	1
6	0	179	100	8	353	347	10
6	0	180	10	10	345	346	64
6	0	180	20	3	408	347	3
6	0	180	30	7	345	346	616
6	0	180	40	6	345	346	835
6	0	180	50	11	345	346	320
6	0	180	60	12	345	347	1210
6	0	180	70	14	345	90	348
6	0	180	80	14	345	90	348
6	0	181	10	3	362	347	3
6	0	181	20	7	345	90	693
6	0	181	30	10	345	346	1183
6	0	181	40	2	345	346	5
6	0	181	50	4	358	347	169
6	0	183	10	7	345	90	508
6	0	183	20	15	345	90	324
6	0	183	30	13	345	90	850
6	0	183	40	4	345	90	170
6	0	183	50	5	345	90	12
6	0	183	60	3	394	347	3
6	0	183	70	10	378	347	3
6	0	183	80	1	345	347	4
6	0	183	90	2	345	347	9
6	0	184	10	3	409	347	3
6	0	184	20	10	345	90	1507
6	0	184	30	1	345	346	1
6	0	184	40	6	345	90	12
6	0	184	50	8	345	346	137
6	0	184	60	4	345	346	171
6	0	184	70	2	355	347	8
6	0	184	80	9	349	347	201
6	0	184	90	5	354	347	509
6	0	185	10	19	345	90	243
6	0	185	20	12	345	90	61
6	0	185	30	20	345	90	753
6	0	185	40	18	345	90	1441
6	0	185	50	5	345	90	12
6	0	185	60	3	382	347	3
6	0	185	70	10	410	346	321
6	0	185	80	11	363	346	416
6	0	185	90	1	357	346	5
6	0	185	100	16	355	347	41
6	0	187	10	21	473	347	720
6	0	187	20	20	474	347	719
6	0	187	30	16	345	90	340
6	0	187	40	18	345	90	775
6	0	187	50	4	360	347	174
6	0	187	60	3	382	347	3
6	0	187	70	15	357	347	511
6	0	187	80	1	345	347	4
6	0	187	90	2	345	347	5
6	0	188	10	19	345	90	924
6	0	188	20	18	345	90	362
6	0	188	30	6	345	90	911
6	0	188	40	10	345	90	497
6	0	188	50	17	345	90	59
6	0	188	60	1	345	90	12
6	0	188	70	24	345	346	3
6	0	188	80	25	345	346	683
6	0	188	90	21	358	347	4
6	0	188	100	22	349	347	7
6	0	189	10	12	362	347	3
6	0	189	20	2	345	90	175
6	0	189	30	1	345	90	12
6	0	189	40	4	345	347	8
6	0	189	50	6	345	347	560
6	0	189	60	9	345	347	513
6	0	189	70	14	345	347	1012
6	0	189	80	7	345	347	854
6	0	189	90	8	345	347	941
6	0	190	10	16	345	346	719
6	0	190	20	17	345	347	720
6	0	190	30	11	464	90	430
6	0	190	40	15	464	90	1508
6	0	190	50	6	345	90	12
6	0	190	60	3	351	347	3
6	0	190	70	8	451	346	355
6	0	190	80	13	451	347	41
6	0	191	30	5	345	90	12
6	0	191	40	7	356	347	432
6	0	191	50	4	363	90	176
6	0	191	60	3	371	347	3
6	0	191	70	1	345	346	5
6	0	191	80	2	345	347	9
6	0	193	30	1	345	347	4
6	0	193	40	2	345	347	5
6	0	193	50	3	387	346	3
6	0	194	10	2	345	346	4
6	0	194	20	11	345	347	3
6	0	194	30	4	345	346	95
6	0	194	40	12	345	347	235
6	0	194	50	6	345	90	551
6	0	194	60	7	345	90	552
6	0	194	70	5	345	90	12
6	0	194	80	3	351	347	3
6	0	194	90	9	345	347	719
6	0	194	100	12	345	347	235
6	0	195	10	16	357	347	720
6	0	195	20	27	345	90	1171
6	0	195	30	7	345	90	858
6	0	195	40	19	345	90	856
6	0	195	50	13	345	90	340
6	0	195	60	9	345	90	777
6	0	195	70	15	357	346	719
6	0	195	80	5	345	90	12
6	0	195	90	4	351	346	3
6	0	197	10	3	412	347	3
6	0	197	20	9	345	90	324
6	0	197	30	2	345	347	5
6	0	197	40	11	345	90	222
6	0	197	50	8	345	90	996
6	0	198	10	3	345	90	305
6	0	198	20	4	345	347	10
6	0	198	30	1	345	90	12
6	0	198	40	5	345	346	4
6	0	198	50	8	345	347	66
6	0	198	60	14	345	346	761
6	0	198	70	13	345	347	760
6	0	199	10	15	355	347	201
6	0	199	20	8	345	90	362
6	0	199	30	9	345	90	27
6	0	199	40	6	345	90	19
6	0	199	50	5	345	90	172
6	0	199	60	7	345	90	12
6	0	199	70	1	413	346	1
6	0	199	80	3	369	347	3
6	0	199	90	13	345	346	1
6	0	199	100	2	345	346	7
6	0	200	30	11	345	347	416
6	0	200	40	6	345	346	519
6	0	200	50	9	345	90	324
6	0	200	60	1	355	347	5
6	0	200	70	8	345	90	520
6	0	200	80	13	345	90	861
6	0	200	90	5	345	90	12
6	0	200	100	3	398	347	3
6	0	201	30	1	345	347	1
6	0	201	40	2	345	347	8
6	0	201	50	3	371	347	3
6	0	202	10	10	345	90	659
6	0	202	20	8	345	90	20
6	0	202	30	5	345	90	19
6	0	202	40	7	401	90	521
6	0	202	50	3	351	347	3
6	0	202	60	14	345	347	317
6	0	202	70	2	345	346	2
6	0	202	80	9	345	347	504
6	0	202	90	1	414	347	5
6	0	203	10	4	345	90	12
6	0	203	20	3	382	346	3
6	0	203	30	18	345	347	477
6	0	203	40	20	345	90	1305
6	0	203	50	16	345	90	983
6	0	203	60	15	345	90	340
6	0	203	70	13	345	90	129
6	0	203	80	8	345	90	124
6	0	203	90	11	345	90	127
6	0	204	10	16	345	90	343
6	0	204	20	6	345	346	314
6	0	204	30	8	345	346	315
6	0	204	40	12	345	346	173
6	0	204	50	13	345	346	321
6	0	204	60	9	345	346	317
6	0	204	70	7	345	346	316
6	0	204	80	5	345	346	1220
6	0	204	90	14	345	346	888
6	0	204	100	15	345	347	889
6	0	208	10	6	345	90	688
6	0	208	20	7	345	90	689
6	0	208	30	11	345	347	1512
6	0	208	40	2	345	347	5
6	0	208	50	3	351	347	3
6	0	208	60	1	345	347	2
6	0	208	70	4	345	90	1221
6	0	209	10	3	355	346	3
6	0	209	20	2	357	346	1
6	0	209	30	4	345	90	12
6	0	209	40	1	357	346	5
6	0	209	50	16	357	346	141
6	0	209	60	17	357	346	166
6	0	209	70	12	345	90	222
6	0	209	80	14	345	90	460
6	0	209	90	7	356	347	867
6	0	209	100	6	356	347	478
6	0	210	20	1	345	347	4
6	0	210	30	2	345	347	8
6	0	210	40	4	362	347	3
6	0	210	50	6	345	90	728
6	0	210	60	8	345	347	355
6	0	211	10	12	354	347	868
6	0	211	20	7	345	90	530
6	0	211	30	6	345	90	12
6	0	211	40	3	348	347	3
6	0	211	50	26	345	346	1465
6	0	211	60	27	345	346	504
6	0	211	70	14	345	346	744
6	0	211	80	16	345	90	1226
6	0	211	90	30	345	90	1514
6	0	211	100	29	345	90	753
6	0	212	10	1	345	346	7
6	0	212	20	2	345	346	4
6	0	212	30	7	345	347	532
6	0	212	40	10	345	90	882
6	0	212	50	3	415	347	3
6	0	213	10	3	345	90	243
6	0	213	20	21	345	347	41
6	0	213	30	11	363	90	1229
6	0	213	40	12	357	90	1516
6	0	213	50	25	345	346	109
6	0	213	60	27	345	346	198
6	0	213	70	26	345	346	772
6	0	213	80	32	360	347	3
6	0	213	90	31	349	347	906
6	0	215	10	3	450	347	708
6	0	215	20	14	369	347	848
6	0	215	30	16	345	90	1096
6	0	215	40	19	345	90	222
6	0	215	50	18	356	346	283
6	0	215	60	13	363	346	375
6	0	215	70	12	357	346	411
6	0	215	80	11	355	346	184
6	0	215	90	5	358	346	7
6	0	216	10	7	402	347	549
6	0	216	20	5	345	90	12
6	0	216	30	6	402	347	335
6	0	216	40	8	345	90	870
6	0	216	50	3	345	346	2
6	0	216	60	2	362	347	3
6	0	216	70	10	345	90	54
6	0	217	10	9	345	90	378
6	0	217	20	15	345	346	338
6	0	217	30	8	345	90	12
6	0	217	40	14	345	346	131
6	0	217	50	3	345	346	7
6	0	217	60	2	345	346	9
6	0	217	70	1	345	346	9
6	0	217	80	7	395	347	235
6	0	217	90	6	382	347	3
6	0	217	100	5	351	347	3
6	0	218	10	18	345	90	1200
6	0	218	20	1	345	346	5
6	0	218	30	2	345	346	1
6	0	218	40	3	345	346	3
6	0	218	50	17	345	90	12
6	0	218	60	4	345	347	1234
6	0	219	10	1	345	347	593
6	0	219	20	2	345	347	41
6	0	219	30	3	345	347	355
6	0	219	40	5	345	90	243
6	0	219	50	4	345	90	12
6	0	219	60	8	345	347	131
6	0	219	70	6	345	347	874
6	0	219	80	7	345	346	9
6	0	219	90	9	345	346	5
6	0	220	10	16	345	347	677
6	0	220	20	1	345	346	8
6	0	220	30	2	345	346	5
6	0	220	40	6	345	347	194
6	0	220	50	10	345	90	12
6	0	220	60	15	345	347	560
6	0	220	70	1	345	346	8
6	0	220	80	4	345	347	772
6	0	220	90	5	345	347	198
6	0	221	10	8	345	346	328
6	0	221	20	23	345	346	410
6	0	221	30	14	345	346	1476
6	0	221	40	30	345	90	12
6	0	221	50	4	345	346	1235
6	0	221	60	21	363	90	1229
6	0	221	70	18	357	90	1520
6	0	221	80	24	355	90	559
6	0	221	90	28	358	90	333
6	0	221	100	7	361	90	1236
6	0	222	10	14	345	347	436
6	0	222	20	15	345	347	283
6	0	222	30	10	345	346	321
6	0	222	40	1	345	346	8
6	0	222	50	11	345	347	543
6	0	222	60	20	357	90	1393
6	0	222	70	19	358	90	1168
6	0	222	80	18	345	90	1198
6	0	222	90	6	345	90	12
6	0	222	100	3	354	347	3
6	0	224	10	7	345	90	546
6	0	224	20	8	345	90	547
6	0	224	30	11	345	346	331
6	0	224	40	13	345	346	793
6	0	224	50	14	345	346	884
6	0	224	60	9	345	346	412
6	0	224	70	12	345	347	792
6	0	224	80	1	345	346	2
6	0	224	90	10	345	347	2
6	0	225	10	4	355	347	201
6	0	225	20	5	345	90	12
6	0	225	30	1	345	347	1
6	0	225	40	2	345	347	6
6	0	226	30	5	345	90	12
6	0	226	40	1	362	346	2
6	0	226	50	3	351	347	3
6	0	226	60	4	416	346	202
6	0	226	70	2	345	347	10
6	0	227	10	32	345	90	705
6	0	227	20	1	345	90	845
6	0	227	30	28	345	90	368
6	0	227	40	4	345	90	222
6	0	227	50	27	345	90	554
6	0	227	60	2	345	90	1420
6	0	227	70	29	345	90	1299
6	0	227	80	23	356	346	1419
6	0	227	90	25	363	90	570
6	0	227	100	31	351	347	928
6	0	228	10	6	345	90	12
6	0	228	20	13	356	346	283
6	0	228	30	1	363	346	4
6	0	228	40	7	357	346	550
6	0	228	50	2	355	346	5
6	0	228	60	15	358	347	720
6	0	228	70	14	359	347	719
6	0	228	80	9	345	90	552
6	0	228	90	8	345	90	551
6	0	229	10	1	345	346	6
6	0	229	20	2	345	347	1
6	0	229	30	3	362	347	3
6	0	230	20	8	345	90	554
6	0	230	30	6	345	90	12
6	0	230	40	4	345	90	115
6	0	230	50	1	358	347	8
6	0	230	60	13	402	346	677
6	0	230	70	11	414	346	390
6	0	230	80	12	403	347	560
6	0	230	90	2	345	347	5
6	0	231	10	1	345	90	19
6	0	231	20	2	345	346	7
6	0	231	30	3	345	346	9
6	0	231	40	4	351	347	3
6	0	231	50	5	355	347	951
6	0	231	60	6	345	90	645
6	0	231	70	7	345	90	350
6	0	231	80	8	345	90	533
6	0	231	90	9	345	90	337
6	0	231	100	10	345	90	1524
6	0	232	10	7	345	90	556
6	0	232	20	14	345	346	719
6	0	232	30	12	345	346	560
6	0	232	40	8	345	90	557
6	0	232	50	13	345	346	677
6	0	232	60	2	345	346	8
6	0	232	70	5	345	90	12
6	0	232	80	1	345	346	4
6	0	232	90	3	396	347	3
6	0	233	10	6	345	90	559
6	0	233	20	14	345	90	324
6	0	233	30	1	354	347	8
6	0	233	40	7	345	346	8
6	0	233	50	8	345	346	560
6	0	233	60	15	345	346	111
6	0	233	70	10	345	90	219
6	0	233	80	11	345	90	629
6	0	233	90	13	345	90	389
6	0	233	100	16	452	347	677
6	0	234	10	13	345	346	1529
6	0	234	20	25	345	346	686
6	0	234	30	22	345	346	1245
6	0	234	40	19	345	346	316
6	0	234	50	16	345	346	314
6	0	234	60	10	345	90	1527
6	0	234	70	7	345	90	1246
6	0	234	80	4	345	90	525
6	0	234	90	1	345	90	523
6	0	235	10	15	345	90	323
6	0	235	20	23	345	90	1174
6	0	235	30	12	345	90	684
6	0	235	40	17	345	90	1249
6	0	235	50	21	345	346	586
6	0	235	60	20	345	346	585
6	0	235	70	13	345	346	638
6	0	235	80	8	345	346	321
6	0	235	90	5	345	90	12
6	0	235	100	3	351	347	3
6	0	236	20	6	345	347	208
6	0	236	30	12	345	347	677
6	0	236	40	1	345	90	12
6	0	236	50	8	345	347	560
6	0	236	60	4	345	347	8
6	0	236	70	5	345	347	8
6	0	236	80	3	345	347	4
6	0	236	90	10	362	347	3
6	0	237	10	1	345	90	12
6	0	237	20	12	345	347	7
6	0	237	30	12	345	347	7
6	0	237	40	7	345	90	209
6	0	237	50	14	351	347	3
6	0	238	10	11	345	90	565
6	0	238	20	12	345	90	565
6	0	238	30	10	345	90	1130
6	0	238	40	6	345	90	570
6	0	238	50	7	345	90	896
6	0	238	60	8	362	90	1251
6	0	238	70	2	360	347	3
6	0	238	80	1	357	346	217
6	0	238	90	5	345	346	131
6	0	239	10	2	345	347	10
6	0	239	20	3	398	347	3
6	0	240	10	2	345	90	324
6	0	240	20	1	345	90	12
6	0	240	30	14	345	346	338
6	0	240	40	12	345	346	516
6	0	240	50	4	371	347	3
6	0	240	60	7	349	347	328
6	0	240	70	10	418	347	206
6	0	240	80	15	345	90	970
6	0	240	90	16	345	90	971
6	0	240	100	18	359	90	482
6	0	241	10	14	345	90	911
6	0	241	20	13	345	90	497
6	0	241	30	15	345	90	569
6	0	241	40	5	345	90	210
6	0	241	50	7	345	90	696
6	0	241	60	4	345	90	12
6	0	241	70	1	345	346	1
6	0	241	80	18	345	347	910
6	0	241	90	17	345	347	283
6	0	241	100	3	351	347	3
6	0	242	10	1	345	90	289
6	0	242	20	32	345	90	1460
6	0	242	30	23	345	90	545
6	0	242	40	20	345	90	231
6	0	242	50	13	475	347	1534
6	0	242	60	6	363	346	571
6	0	242	70	7	363	346	1163
6	0	242	80	4	363	346	933
6	0	242	90	5	363	346	528
6	0	242	100	8	362	347	796
6	0	243	10	22	345	90	911
6	0	243	20	21	345	90	497
6	0	243	30	10	345	90	223
6	0	243	40	19	345	90	955
6	0	243	50	14	345	346	581
6	0	243	60	5	345	90	12
6	0	243	70	11	345	90	1535
6	0	243	80	4	345	347	141
6	0	243	90	18	345	90	666
6	0	244	10	12	345	90	898
6	0	244	20	28	345	90	400
6	0	244	30	2	362	347	3
6	0	244	40	30	345	346	478
6	0	244	50	21	345	346	346
6	0	244	60	23	345	346	669
6	0	244	70	24	345	346	744
6	0	244	80	14	345	346	900
6	0	244	90	17	345	347	1260
6	0	245	10	2	345	90	358
6	0	245	20	5	345	90	495
6	0	245	30	3	345	90	1249
6	0	245	40	4	345	90	684
6	0	245	50	10	345	90	1124
6	0	245	60	14	345	346	184
6	0	245	70	19	345	346	725
6	0	245	80	18	345	346	296
6	0	245	90	16	345	346	901
6	0	246	10	8	455	90	489
6	0	246	20	5	358	347	173
6	0	246	30	4	353	347	1263
6	0	246	40	7	345	90	12
6	0	246	50	3	351	346	3
6	0	246	60	11	362	346	235
6	0	246	70	10	362	346	3
6	0	247	10	10	345	90	574
6	0	247	20	9	345	90	288
6	0	247	30	3	351	347	3
6	0	247	40	8	345	346	573
6	0	247	50	6	345	346	249
6	0	247	60	13	345	346	1335
6	0	247	70	14	345	346	439
6	0	247	80	7	345	346	10
6	0	247	90	5	345	90	12
6	0	247	100	1	345	347	10
6	0	248	10	12	345	90	1415
6	0	248	20	2	345	90	53
6	0	248	30	4	345	90	684
6	0	248	40	3	345	90	495
6	0	248	50	1	345	90	12
6	0	248	60	9	356	346	380
6	0	248	70	6	363	346	7
6	0	248	80	10	357	346	532
6	0	248	90	8	351	347	3
6	0	248	100	5	345	90	575
6	0	249	20	5	345	90	215
6	0	249	30	3	350	347	3
6	0	249	40	1	345	346	5
6	0	249	50	6	345	90	12
6	0	249	60	4	345	346	88
6	0	249	70	12	345	346	249
6	0	249	80	2	345	346	10
6	0	249	90	7	345	346	576
6	0	250	10	2	345	90	557
6	0	250	20	3	345	90	558
6	0	250	30	5	345	90	556
6	0	250	40	4	345	90	12
6	0	250	50	7	345	346	677
6	0	250	60	12	345	347	560
6	0	250	70	13	345	346	720
6	0	250	80	11	345	347	8
6	0	251	10	15	345	347	412
6	0	251	20	13	345	90	70
6	0	251	30	10	345	347	331
6	0	251	40	1	345	347	2
6	0	251	50	2	345	347	8
6	0	251	60	3	362	347	3
6	0	251	70	8	345	90	324
6	0	251	80	6	345	90	587
6	0	251	90	5	345	90	259
6	0	252	10	2	345	90	1452
6	0	252	20	26	358	90	270
6	0	252	30	22	357	90	1538
6	0	252	40	17	357	90	578
6	0	252	50	32	345	346	411
6	0	252	60	35	345	346	140
6	0	252	70	33	345	346	1266
6	0	252	80	31	345	346	217
6	0	252	90	30	345	346	184
6	0	252	100	34	349	347	11
6	0	253	10	3	345	90	1172
6	0	253	20	10	345	90	1009
6	0	253	30	11	345	90	352
6	0	253	40	22	398	347	768
6	0	253	50	21	395	347	235
6	0	253	60	18	382	347	3
6	0	253	70	14	351	347	3
6	0	253	80	20	345	346	720
6	0	253	90	23	345	346	1138
6	0	254	10	7	345	90	1198
6	0	254	20	5	345	90	426
6	0	254	30	3	345	90	222
6	0	254	40	16	345	346	321
6	0	254	50	21	345	346	4
6	0	254	60	1	345	90	12
6	0	254	70	22	345	346	926
6	0	254	80	23	345	346	1267
6	0	254	90	11	357	90	427
6	0	254	100	8	357	90	542
6	0	255	10	22	345	90	311
6	0	255	20	21	345	90	566
6	0	255	30	19	363	347	585
6	0	255	40	13	345	347	416
6	0	255	50	9	345	90	54
6	0	255	60	17	345	90	924
6	0	255	70	1	345	346	7
6	0	255	80	2	345	346	8
6	0	255	90	3	348	347	3
6	0	255	100	5	345	90	12
6	0	256	10	11	345	90	497
6	0	256	20	12	345	90	911
6	0	256	30	5	345	346	581
6	0	256	40	16	345	346	581
6	0	256	50	14	345	346	283
6	0	256	60	15	357	347	910
6	0	256	70	2	345	346	7
6	0	256	80	4	345	90	12
6	0	256	90	1	345	346	2
6	0	256	100	13	345	346	436
6	0	258	10	17	345	347	677
6	0	258	20	7	345	346	25
6	0	258	30	1	345	346	8
6	0	258	40	2	345	346	10
6	0	258	50	3	379	347	3
6	0	258	60	11	345	90	751
6	0	258	70	23	345	346	683
6	0	258	80	10	345	90	627
6	0	258	90	14	345	90	24
6	0	259	10	7	345	346	385
6	0	259	20	11	345	346	386
6	0	259	30	14	345	346	1543
6	0	259	40	9	345	346	225
6	0	259	50	8	345	346	949
6	0	259	60	13	345	346	501
6	0	259	70	12	345	347	387
6	0	259	80	15	345	347	293
6	0	259	90	10	345	347	190
6	0	259	100	6	345	347	1
6	0	260	10	13	355	90	1394
6	0	260	20	12	357	90	333
6	0	260	30	17	345	346	328
6	0	260	40	31	345	346	1271
6	0	260	50	23	345	346	761
6	0	260	60	22	345	346	700
6	0	260	70	20	345	346	431
6	0	260	80	19	345	346	330
6	0	260	90	21	378	347	916
6	0	260	100	16	345	347	915
6	0	261	10	16	345	90	1249
6	0	261	20	15	345	90	684
6	0	261	30	17	345	90	497
6	0	261	40	14	345	346	339
6	0	261	50	13	345	346	1162
6	0	261	60	6	345	346	1161
6	0	261	70	1	345	346	5
6	0	261	80	9	345	346	5
6	0	261	90	10	349	347	446
6	0	261	100	11	345	90	797
6	0	262	10	3	351	347	3
6	0	262	20	12	345	347	478
6	0	262	30	8	345	346	316
6	0	262	40	10	345	346	317
6	0	262	50	5	345	90	918
6	0	262	60	7	345	346	314
6	0	262	70	9	345	346	315
6	0	262	80	2	345	346	5
6	0	262	90	1	345	347	9
6	0	265	10	1	345	347	2
6	0	265	20	2	345	347	6
6	0	266	60	5	345	90	12
6	0	267	30	5	345	90	12
6	0	268	10	5	345	90	12
6	0	268	20	3	351	347	3
6	0	268	30	7	345	90	404
6	0	268	40	8	345	90	305
6	0	268	50	11	345	346	328
6	0	268	60	14	345	346	700
6	0	268	70	15	345	346	761
6	0	268	80	12	345	346	919
6	0	270	10	9	345	90	920
6	0	270	20	4	345	90	12
6	0	270	30	1	345	347	1
6	0	270	40	6	345	347	1
6	0	270	50	2	357	347	4
6	0	270	60	5	358	347	38
6	0	270	70	3	371	347	3
6	0	270	80	8	349	346	201
6	0	270	90	10	371	90	1499
6	0	271	10	17	345	90	125
6	0	271	20	10	345	90	121
6	0	271	30	11	345	90	122
6	0	271	40	12	345	90	123
6	0	271	50	1	345	346	1
6	0	271	60	2	345	347	1
6	0	271	70	9	360	347	3
6	0	271	80	20	345	90	12
6	0	271	90	4	349	347	201
6	0	272	10	10	345	90	751
6	0	272	20	4	345	90	12
6	0	272	30	1	345	346	10
6	0	272	40	5	345	346	10
6	0	272	50	8	345	346	356
6	0	272	60	6	345	346	573
6	0	272	70	2	345	346	4
6	0	272	80	7	345	347	249
6	0	272	90	9	345	347	923
6	0	272	100	3	383	347	3
6	0	274	10	1	356	346	8
6	0	274	20	5	345	90	12
6	0	274	30	2	363	346	5
6	0	274	40	4	357	346	230
6	0	274	50	3	355	347	3
6	0	275	20	1	345	90	925
6	0	275	30	12	345	346	926
6	0	275	40	14	345	346	328
6	0	275	50	5	345	346	4
6	0	275	60	11	345	346	4
6	0	275	70	4	345	90	12
6	0	275	80	6	345	347	10
6	0	275	90	10	345	347	173
6	0	276	10	20	345	90	12
6	0	276	20	23	360	347	3
6	0	276	30	11	345	90	1278
6	0	276	40	18	345	347	283
6	0	276	50	17	345	346	321
6	0	276	60	19	345	346	543
6	0	276	70	16	345	346	416
6	0	276	80	21	345	346	9
6	0	276	90	22	345	347	2
6	0	277	10	20	345	347	432
6	0	277	20	19	345	90	1554
6	0	277	30	16	345	346	887
6	0	277	40	17	345	346	1553
6	0	277	50	9	345	346	331
6	0	277	60	10	345	346	412
6	0	277	70	6	345	346	594
6	0	277	80	14	345	346	884
6	0	277	90	12	349	347	3
6	0	277	100	4	345	90	232
6	0	278	10	21	345	90	705
6	0	278	20	22	345	90	340
6	0	278	30	12	348	347	928
6	0	278	40	11	370	347	235
6	0	278	50	1	356	346	5
6	0	278	60	10	363	346	3
6	0	278	70	5	345	90	12
6	0	278	80	3	355	346	3
6	0	278	90	13	358	346	749
6	0	279	20	3	375	347	3
6	0	279	30	11	345	347	585
6	0	279	40	10	345	347	432
6	0	279	50	8	345	90	597
6	0	279	60	7	345	90	540
6	0	279	70	6	345	346	596
6	0	279	80	2	345	346	10
6	0	279	90	4	355	347	234
6	0	280	30	1	345	346	1
6	0	280	40	2	345	90	12
6	0	280	50	3	345	347	4
6	0	280	60	4	370	347	3
6	0	283	10	19	345	90	808
6	0	283	20	18	345	346	249
6	0	283	30	14	345	346	933
6	0	283	40	13	345	346	573
6	0	283	50	5	345	90	12
6	0	283	60	1	345	346	10
6	0	283	70	2	345	346	5
6	0	283	80	11	345	346	10
6	0	283	90	12	361	347	5
6	0	284	10	26	345	90	1509
6	0	284	20	18	345	90	123
6	0	284	30	11	345	90	601
6	0	284	40	1	345	346	7
6	0	284	50	2	345	346	6
6	0	284	60	14	345	346	886
6	0	284	70	4	355	347	236
6	0	284	80	7	345	90	12
6	0	284	90	3	360	347	3
6	0	284	100	10	358	347	41
6	0	285	10	1	345	90	12
6	0	285	20	2	345	346	1
6	0	285	30	10	345	347	225
6	0	285	40	13	345	346	331
6	0	285	50	12	345	346	137
6	0	285	60	14	345	347	412
6	0	285	70	15	345	346	201
6	0	285	80	11	345	347	936
6	0	285	90	8	345	347	1
6	0	286	10	4	345	90	12
6	0	286	20	10	345	90	238
6	0	286	30	1	358	347	6
6	0	286	40	8	345	346	411
6	0	286	50	7	345	346	184
6	0	286	60	6	345	346	1556
6	0	286	70	3	394	346	3
6	0	286	80	9	345	346	603
6	0	286	90	2	345	346	8
6	0	286	100	5	345	347	6
6	0	287	10	24	345	90	660
6	0	287	20	4	345	90	341
6	0	287	30	2	360	347	3
6	0	287	40	19	345	346	321
6	0	287	50	9	345	346	381
6	0	287	60	8	345	346	938
6	0	287	70	10	345	346	109
6	0	287	80	7	345	346	319
6	0	287	90	6	345	347	764
6	0	287	100	1	355	347	5
6	0	288	10	17	345	90	340
6	0	288	20	29	345	90	1299
6	0	288	30	31	345	90	684
6	0	288	40	30	345	90	495
6	0	288	50	24	345	346	168
6	0	288	60	25	345	346	960
6	0	288	70	19	345	346	137
6	0	288	80	20	345	346	201
6	0	288	90	28	345	90	622
6	0	288	100	27	345	90	1557
6	0	289	20	1	345	347	1
6	0	289	30	2	345	347	2
6	0	289	40	4	345	347	221
6	0	289	50	3	350	347	3
6	0	290	10	4	345	90	12
6	0	290	20	2	345	347	5
6	0	290	30	3	351	347	3
6	0	293	20	1	345	347	4
6	0	293	30	2	345	347	8
6	0	293	40	3	420	347	3
6	0	294	30	4	345	90	12
6	0	294	40	4	345	90	12
6	0	295	10	15	345	347	432
6	0	295	20	5	345	90	12
6	0	295	30	16	345	347	585
6	0	295	40	10	387	347	848
6	0	295	50	3	351	347	3
6	0	295	60	4	345	346	242
6	0	295	70	6	345	347	607
6	0	295	80	2	345	347	5
6	0	295	90	1	345	347	4
6	0	296	10	6	345	90	243
6	0	296	20	13	345	90	601
6	0	296	30	17	363	90	1007
6	0	296	40	11	357	90	942
6	0	296	50	10	345	346	41
6	0	296	60	19	345	346	719
6	0	296	70	7	345	90	12
6	0	296	80	1	345	346	8
6	0	296	90	3	370	347	3
6	0	297	10	5	345	90	12
6	0	297	20	9	358	347	356
6	0	297	30	12	356	346	143
6	0	297	40	8	363	346	10
6	0	297	50	1	357	346	10
6	0	297	60	14	355	347	917
6	0	297	70	18	359	346	249
6	0	297	80	13	349	346	265
6	0	297	90	17	345	347	573
6	0	298	10	3	351	347	3
6	0	298	20	4	407	347	109
6	0	298	30	1	345	347	5
6	0	298	40	2	345	347	7
6	0	298	50	5	345	90	12
6	0	299	10	1	345	346	10
6	0	299	20	5	345	90	12
6	0	299	30	21	345	347	910
6	0	299	40	20	345	347	283
6	0	299	50	9	356	90	1285
6	0	299	60	4	345	90	732
6	0	299	70	18	345	90	1249
6	0	299	80	13	345	90	435
6	0	299	90	14	345	90	684
6	0	299	100	12	363	90	1286
6	0	300	10	21	345	90	196
6	0	300	20	22	345	90	466
6	0	300	30	1	345	90	246
6	0	300	40	15	453	347	1093
6	0	300	50	14	351	347	1131
6	0	300	60	12	345	346	174
6	0	300	70	9	345	346	235
6	0	300	80	10	345	346	928
6	0	300	90	13	345	346	709
6	0	300	100	11	345	346	768
6	0	301	10	5	345	90	12
6	0	301	20	8	345	346	1
6	0	301	30	11	345	346	201
6	0	301	40	2	345	346	8
6	0	301	50	10	345	346	949
6	0	301	60	1	345	346	1
6	0	302	10	30	345	90	1296
6	0	302	20	22	345	90	1291
6	0	302	30	19	345	90	1288
6	0	302	40	14	345	90	12
6	0	302	50	28	351	347	3
6	0	302	60	16	351	347	749
6	0	302	70	29	345	346	235
6	0	302	80	4	345	346	148
6	0	302	90	3	345	346	3
6	0	303	20	14	345	346	201
6	0	303	30	7	345	346	69
6	0	303	40	12	345	346	225
6	0	303	50	13	345	346	412
6	0	303	60	5	345	90	12
6	0	303	70	2	345	346	2
6	0	303	80	2	345	346	2
6	0	303	90	3	421	347	3
6	0	303	100	4	356	346	248
6	0	304	20	12	345	90	1296
6	0	304	30	11	345	90	340
6	0	304	40	1	345	90	250
6	0	304	50	2	345	90	1287
6	0	304	60	3	345	90	1288
6	0	304	70	10	345	90	1295
6	0	304	80	17	356	346	1260
6	0	304	90	16	362	347	3
6	0	304	100	15	410	346	8
6	0	305	20	9	345	90	503
6	0	305	30	7	345	346	206
6	0	305	40	8	345	346	614
6	0	305	50	5	345	90	12
6	0	305	60	18	345	346	846
6	0	305	70	15	345	346	131
6	0	305	80	17	345	347	516
6	0	305	90	11	345	347	951
6	0	306	10	13	345	90	952
6	0	306	20	2	345	347	321
6	0	306	30	1	345	347	173
6	0	306	40	12	345	90	615
6	0	306	50	10	345	90	12
6	0	306	60	4	364	347	1297
6	0	306	70	6	364	347	359
6	0	306	80	5	351	347	235
6	0	306	90	3	351	347	3
6	0	306	100	9	351	347	3
6	0	307	10	19	345	347	478
6	0	307	20	9	345	346	331
6	0	307	30	14	345	346	884
6	0	307	40	7	345	346	953
6	0	307	50	13	345	346	793
6	0	307	60	9	345	346	331
6	0	307	70	3	351	347	3
6	0	307	80	15	358	347	1298
6	0	307	90	10	349	347	412
6	0	307	100	17	345	90	547
6	0	308	10	30	345	90	830
6	0	308	20	10	345	346	283
6	0	308	30	26	345	346	910
6	0	308	40	4	345	346	581
6	0	308	50	24	345	346	581
6	0	308	60	15	345	346	593
6	0	308	70	14	345	346	416
6	0	308	80	18	345	90	955
6	0	308	90	25	345	90	666
6	0	308	100	3	382	346	3
6	0	310	10	11	345	90	500
6	0	310	20	7	345	90	618
6	0	310	30	1	345	347	8
6	0	310	40	2	345	347	10
6	0	310	50	4	345	347	255
6	0	311	30	10	345	346	338
6	0	311	40	11	345	346	192
6	0	311	50	8	345	347	620
6	0	311	60	7	357	346	619
6	0	311	70	3	351	347	3
6	0	311	80	13	358	346	133
6	0	311	90	12	390	347	957
6	0	312	10	1	345	90	1208
6	0	312	20	2	345	90	1209
6	0	312	30	3	345	346	4
6	0	312	40	4	345	346	5
6	0	312	50	5	351	347	3
6	0	312	60	6	345	90	869
6	0	312	70	7	345	346	3
6	0	312	80	8	351	347	174
6	0	312	90	21	363	346	720
6	0	312	100	10	363	346	719
6	0	313	10	16	345	90	340
6	0	313	20	21	345	90	1299
6	0	313	30	6	345	90	622
6	0	313	40	26	345	90	1563
6	0	313	50	3	423	346	3
6	0	313	60	8	363	346	959
6	0	313	70	18	363	346	168
6	0	313	80	1	363	346	1
6	0	313	90	9	363	346	960
6	0	313	100	7	349	346	1
6	0	314	20	2	345	90	732
6	0	314	30	11	345	346	249
6	0	314	40	10	345	346	573
6	0	314	50	9	345	346	380
6	0	314	60	1	345	90	12
6	0	314	70	5	345	347	10
6	0	314	80	6	345	347	10
6	0	314	90	7	345	347	7
6	0	314	100	8	351	347	3
6	0	315	20	2	345	347	2
6	0	315	30	3	379	347	3
6	0	315	40	5	345	90	12
6	0	315	50	7	345	346	477
6	0	315	60	4	345	90	259
6	0	315	70	1	345	346	6
6	0	315	80	9	345	346	961
6	0	315	90	6	345	347	623
6	0	316	30	8	355	347	625
6	0	316	40	14	357	346	1176
6	0	316	50	7	363	346	261
6	0	316	60	12	356	346	1
6	0	317	10	9	345	90	1301
6	0	317	20	11	345	347	560
6	0	317	30	3	345	347	3
6	0	317	40	4	345	347	626
6	0	317	50	7	345	90	54
6	0	318	10	4	345	90	932
6	0	318	20	3	351	347	3
6	0	318	30	14	359	347	677
6	0	318	40	8	356	346	1350
6	0	318	50	13	363	347	560
6	0	318	60	11	357	90	629
6	0	318	70	12	355	90	219
6	0	318	80	7	345	90	12
6	0	318	90	1	349	347	8
6	0	320	10	20	363	90	895
6	0	320	20	14	345	90	324
6	0	320	30	10	345	90	54
6	0	320	40	6	345	90	12
6	0	320	50	3	351	347	3
6	0	320	60	25	345	347	1567
6	0	320	70	21	345	346	283
6	0	320	80	19	345	346	543
6	0	320	90	8	345	346	173
6	0	320	100	30	345	90	924
6	0	321	20	27	345	90	340
6	0	321	30	3	351	346	3
6	0	321	40	13	360	347	749
6	0	321	50	5	345	90	12
6	0	321	60	2	345	346	5
6	0	321	70	10	345	346	966
6	0	321	80	6	345	346	152
6	0	321	90	1	359	347	2
6	0	322	10	15	368	347	709
6	0	322	20	12	345	90	745
6	0	322	30	4	345	90	12
6	0	322	40	3	388	346	3
6	0	322	50	14	351	346	174
6	0	322	60	7	352	346	235
6	0	322	70	6	345	346	56
6	0	322	80	1	345	346	9
6	0	322	90	5	345	346	32
6	0	322	100	2	345	346	4
6	0	323	20	13	345	346	9
6	0	323	30	10	345	90	311
6	0	323	40	8	345	90	565
6	0	323	50	2	345	346	7
6	0	323	60	1	345	346	9
6	0	323	70	6	345	90	12
6	0	323	80	3	345	346	3
6	0	323	90	9	345	90	566
6	0	324	10	1	345	90	12
6	0	324	20	2	345	346	9
6	0	324	30	3	345	346	5
6	0	324	40	13	345	346	131
6	0	324	50	4	345	346	3
6	0	324	60	8	345	90	896
6	0	324	70	9	345	90	672
6	0	324	80	10	345	90	970
6	0	324	90	11	345	90	971
6	0	324	100	15	345	347	1568
6	0	325	10	26	345	90	1006
6	0	325	20	3	362	347	3
6	0	325	30	1	345	347	7
6	0	325	40	2	345	347	4
6	0	326	10	17	345	347	1304
6	0	326	20	11	345	346	477
6	0	326	30	9	345	347	973
6	0	326	40	7	345	347	886
6	0	326	50	5	345	90	12
6	0	326	60	3	362	347	3
6	0	326	70	13	345	347	1161
6	0	326	80	6	345	347	1569
6	0	326	90	1	345	347	2
6	0	327	10	9	345	90	850
6	0	327	20	13	345	90	1571
6	0	327	30	16	345	90	352
6	0	327	40	4	345	346	3
6	0	327	50	24	345	346	719
6	0	327	60	25	358	347	720
6	0	327	70	22	382	347	174
6	0	327	80	1	345	90	12
6	0	327	90	23	392	347	709
6	0	327	100	4	354	347	3
6	0	328	10	4	345	90	12
6	0	328	20	3	351	347	3
6	0	328	30	8	351	347	3
6	0	328	40	9	386	347	336
6	0	328	50	10	405	347	708
6	0	328	60	11	348	347	174
6	0	328	70	12	348	347	709
6	0	328	80	1	345	346	4
6	0	328	90	1	345	346	4
6	0	329	10	11	382	347	174
6	0	329	20	10	397	346	709
6	0	329	30	8	378	346	3
6	0	329	40	7	352	346	235
6	0	329	50	13	425	346	336
6	0	329	60	12	426	346	708
6	0	329	70	6	358	347	266
6	0	329	80	3	354	347	1
6	0	329	90	1	345	90	12
6	0	330	10	14	360	346	174
6	0	330	20	19	379	346	1131
6	0	330	30	18	427	346	848
6	0	330	40	17	360	347	928
6	0	330	50	9	360	347	235
6	0	330	60	12	387	346	708
6	0	330	70	16	351	346	1093
6	0	330	80	15	351	346	709
6	0	330	90	13	387	347	703
6	0	330	100	10	351	347	768
6	0	331	10	6	345	347	1577
6	0	331	20	33	345	346	917
6	0	331	30	32	345	346	1147
6	0	331	40	25	345	346	1575
6	0	331	50	24	345	346	1574
6	0	331	60	12	345	346	285
6	0	331	70	23	345	346	1573
6	0	331	80	31	345	347	648
6	0	331	90	1	345	347	10
6	0	333	10	11	345	90	128
6	0	333	20	12	345	90	517
6	0	333	30	15	345	90	340
6	0	333	40	22	345	90	1509
6	0	333	50	23	345	90	27
6	0	333	60	16	345	90	1207
6	0	333	70	17	345	346	747
6	0	333	80	3	348	347	3
6	0	333	90	7	455	347	261
6	0	334	10	9	345	90	243
6	0	334	20	11	345	346	41
6	0	334	30	12	345	346	979
6	0	334	40	4	345	90	12
6	0	334	50	6	345	346	2
6	0	334	60	13	345	346	2
6	0	334	70	14	345	346	331
6	0	334	80	15	345	346	412
6	0	334	90	16	345	346	637
6	0	338	10	8	345	90	98
6	0	338	20	1	345	347	4
6	0	338	30	2	345	347	5
6	0	338	40	3	351	347	3
6	0	338	50	7	345	90	639
6	0	339	10	16	345	90	1194
6	0	339	20	13	345	90	368
6	0	339	30	14	345	90	53
6	0	339	40	17	345	90	68
6	0	339	50	11	345	90	627
6	0	339	60	10	345	90	12
6	0	339	70	6	358	347	816
6	0	339	80	8	345	346	730
6	0	339	90	7	345	346	950
6	0	339	100	4	345	346	303
6	0	340	20	1	345	347	8
6	0	340	30	2	345	347	1
6	0	340	40	3	362	347	3
6	0	340	50	5	345	90	12
6	0	341	10	15	345	90	129
6	0	341	20	11	345	90	125
6	0	341	30	5	345	90	12
6	0	341	40	25	351	347	709
6	0	341	50	22	351	347	235
6	0	341	60	20	351	346	749
6	0	341	70	24	387	347	708
6	0	341	80	19	387	346	174
6	0	341	90	4	345	90	270
6	0	342	10	25	345	90	1207
6	0	342	20	15	345	90	340
6	0	342	30	6	345	90	125
6	0	342	40	5	345	90	126
6	0	342	50	19	345	90	12
6	0	342	60	11	345	90	246
6	0	342	70	24	444	346	235
6	0	342	80	27	351	347	749
6	0	342	90	23	382	346	3
6	0	342	100	18	394	346	3
6	0	343	10	9	345	90	340
6	0	343	20	7	345	90	129
6	0	343	30	6	345	90	128
6	0	343	40	21	382	347	3
6	0	343	50	16	355	347	416
6	0	343	60	17	359	347	984
6	0	343	70	19	345	346	10
6	0	343	80	27	345	346	11
6	0	343	90	28	345	346	140
6	0	343	100	26	345	346	1266
6	0	344	10	8	345	90	307
6	0	344	20	30	345	90	1198
6	0	344	30	5	345	90	222
6	0	344	40	20	345	90	1180
6	0	344	50	3	345	346	173
6	0	344	60	19	345	347	283
6	0	344	70	6	345	346	355
6	0	344	80	15	345	346	321
6	0	344	90	4	345	346	543
6	0	344	100	7	345	347	682
6	0	346	10	2	345	347	10
6	0	346	20	1	357	347	5
6	0	346	30	3	367	347	3
6	0	346	40	7	358	347	694
6	0	347	10	5	345	90	12
6	0	347	20	13	345	90	231
6	0	347	30	15	345	346	478
6	0	347	40	14	345	346	477
6	0	347	50	11	345	346	744
6	0	347	60	10	345	346	973
6	0	347	70	9	345	346	109
6	0	347	80	1	345	346	5
6	0	347	90	8	345	346	5
6	0	347	100	3	392	347	3
6	0	348	10	10	345	90	604
6	0	348	20	4	345	90	276
6	0	348	30	9	345	90	843
6	0	348	40	13	345	346	720
6	0	348	50	5	345	90	12
6	0	348	60	8	345	346	137
6	0	348	70	1	345	346	1
6	0	348	80	11	358	347	201
6	0	348	90	2	345	346	4
6	0	348	100	3	429	347	3
6	0	349	10	1	345	347	1
6	0	349	20	2	345	347	5
6	0	349	30	3	370	347	3
6	0	352	10	1	345	346	1
6	0	352	20	2	357	347	4
6	0	352	30	5	355	347	278
6	0	352	40	3	379	347	3
6	0	352	50	4	345	90	277
6	0	353	10	7	345	346	6
6	0	353	20	12	345	346	22
6	0	353	30	10	345	346	184
6	0	353	40	9	345	346	6
6	0	353	50	5	345	90	12
6	0	353	60	1	345	346	6
6	0	353	70	13	358	347	162
6	0	353	80	6	345	346	239
6	0	353	90	11	345	346	189
6	0	353	100	2	354	347	1
6	0	356	40	3	351	347	3
6	0	356	50	7	345	90	12
6	0	356	60	2	345	347	5
6	0	356	70	1	345	347	8
6	0	359	10	14	345	90	324
6	0	359	20	5	345	90	12
6	0	359	30	11	345	347	1582
6	0	359	40	8	345	347	321
6	0	359	50	13	345	90	1584
6	0	359	60	10	345	90	530
6	0	360	20	4	345	90	12
6	0	360	30	10	345	346	936
6	0	360	40	13	345	346	201
6	0	360	60	12	345	346	137
6	0	360	70	15	345	90	362
6	0	360	80	16	345	90	870
6	0	360	90	3	371	347	3
6	0	361	30	7	345	90	340
6	0	361	40	4	345	347	708
6	0	361	50	11	345	347	579
6	0	361	60	8	351	347	3
6	0	361	70	2	345	347	5
6	0	361	80	1	345	347	8
6	0	361	90	3	345	347	283
6	0	361	100	9	345	347	651
6	0	362	10	2	345	346	8
6	0	362	20	14	345	346	1315
6	0	362	30	12	345	346	677
6	0	362	40	8	345	346	560
6	0	362	50	11	345	346	111
6	0	362	60	10	345	346	653
6	0	362	70	9	345	346	1317
6	0	362	80	17	349	347	611
6	0	362	90	3	361	347	2
6	0	363	10	14	345	90	613
6	0	363	20	19	345	90	1096
6	0	363	30	23	345	90	690
6	0	363	40	11	345	90	453
6	0	363	50	12	345	90	996
6	0	363	60	16	345	90	965
6	0	363	70	22	345	346	910
6	0	363	80	21	345	346	283
6	0	363	90	6	345	90	12
6	0	363	100	3	355	347	3
6	0	364	10	1	345	346	5
6	0	364	20	3	371	347	3
6	0	364	30	7	345	346	5
6	0	364	40	2	345	346	7
6	0	364	50	9	345	347	79
6	0	365	10	18	388	347	749
6	0	365	20	2	345	90	121
6	0	365	30	4	345	90	123
6	0	365	40	10	345	90	129
6	0	365	50	11	345	90	340
6	0	365	60	20	395	347	235
6	0	365	70	19	388	347	3
6	0	365	80	1	345	90	12
6	0	365	90	15	388	347	3
6	0	367	30	4	345	90	12
6	0	367	40	1	345	346	1
6	0	367	50	2	345	346	4
6	0	367	60	3	348	346	3
6	0	367	70	3	432	347	3
6	0	368	10	2	345	90	243
6	0	368	20	4	345	90	546
6	0	368	30	6	345	346	726
6	0	368	40	5	345	346	411
6	0	368	50	7	345	346	670
6	0	368	60	8	345	347	22
6	0	368	70	9	345	346	735
6	0	368	80	10	345	346	1320
6	0	368	90	11	345	346	308
6	0	368	100	12	345	347	999
6	0	369	10	6	355	346	446
6	0	369	20	4	358	346	3
6	0	369	30	2	345	346	5
6	0	369	40	7	345	346	528
6	0	369	50	8	345	346	571
6	0	369	60	16	349	347	235
6	0	369	70	17	345	347	768
6	0	369	80	19	345	90	712
6	0	369	90	18	345	90	711
6	0	369	100	12	345	90	42
6	0	370	10	11	361	347	687
6	0	370	20	3	351	347	3
6	0	370	30	7	345	346	314
6	0	370	40	19	345	346	316
6	0	370	50	9	345	346	316
6	0	370	60	13	345	346	1321
6	0	370	70	14	345	346	1322
6	0	370	80	16	345	346	1094
6	0	370	90	15	345	346	1245
6	0	370	100	6	345	346	686
6	0	372	10	26	357	90	1167
6	0	372	20	27	357	90	1008
6	0	372	30	14	345	90	705
6	0	372	40	11	345	90	777
6	0	372	50	24	345	90	778
6	0	372	60	5	345	90	12
6	0	372	70	2	345	346	4
6	0	372	80	1	345	346	2
6	0	372	90	3	345	346	3
6	0	372	100	17	345	346	720
6	0	373	10	13	345	90	123
6	0	373	20	5	345	90	12
6	0	373	30	1	345	346	8
6	0	373	40	2	345	346	6
6	0	373	50	7	345	346	8
6	0	373	60	10	345	347	677
6	0	373	70	12	345	347	1350
6	0	373	80	8	345	347	560
6	0	373	90	3	362	347	3
6	0	373	100	14	345	90	125
6	0	374	10	6	345	90	222
6	0	374	20	7	345	90	223
6	0	374	30	15	360	347	1131
6	0	374	40	13	345	346	709
6	0	374	50	14	345	346	1093
6	0	374	60	2	388	346	3
6	0	374	70	8	388	346	3
6	0	374	80	9	388	346	235
6	0	374	90	10	388	346	768
6	0	374	100	11	360	347	928
6	0	375	10	19	345	90	1392
6	0	375	20	18	345	90	1198
6	0	375	30	3	360	347	3
6	0	375	40	22	363	90	352
6	0	375	50	15	363	346	283
6	0	375	60	10	356	346	321
6	0	375	70	13	356	346	1594
6	0	375	80	11	356	346	543
6	0	375	90	2	356	346	5
6	0	375	100	12	345	347	1349
6	0	378	30	1	345	347	4
6	0	378	40	4	345	90	12
6	0	378	50	2	345	347	7
6	0	378	60	6	345	90	19
6	0	378	70	3	362	347	3
6	0	379	10	10	345	90	14
6	0	379	20	2	345	346	65
6	0	379	30	3	345	346	242
6	0	379	40	4	345	346	419
6	0	379	50	5	345	346	249
6	0	379	60	6	345	346	573
6	0	379	70	7	345	346	10
6	0	379	80	8	345	346	10
6	0	379	90	9	345	346	5
6	0	383	10	25	363	90	333
6	0	383	20	26	363	90	1170
6	0	383	30	22	357	90	1008
6	0	383	40	23	357	90	1009
6	0	383	50	32	345	346	516
6	0	383	60	33	345	346	846
6	0	383	70	6	345	346	1271
6	0	383	80	30	345	346	206
6	0	383	90	31	345	346	614
6	0	383	100	3	345	346	3
6	0	384	10	10	345	90	832
6	0	384	20	6	345	90	1010
6	0	384	30	5	345	347	269
6	0	384	40	8	345	347	137
6	0	384	50	1	345	347	1
6	0	384	60	7	345	347	1
6	0	384	70	3	345	347	3
6	0	384	80	4	345	90	12
6	0	384	90	9	345	347	201
6	0	385	20	4	345	90	12
6	0	385	30	1	356	346	1
6	0	385	40	2	363	347	8
6	0	385	50	3	379	347	3
6	0	389	10	25	345	90	1171
6	0	389	20	26	345	90	340
6	0	389	30	24	345	90	1596
6	0	389	40	19	345	90	126
6	0	389	50	22	345	90	129
6	0	389	60	4	345	90	661
6	0	389	70	7	345	90	20
6	0	389	80	9	345	90	559
6	0	389	90	3	375	347	3
6	0	390	10	1	345	90	324
6	0	390	20	3	345	90	279
6	0	390	30	5	345	90	790
6	0	390	40	4	345	90	578
6	0	390	50	16	345	90	12
6	0	390	60	15	345	346	184
6	0	390	70	9	345	346	7
6	0	390	80	10	358	347	789
6	0	390	90	7	345	90	577
6	0	391	10	8	345	90	12
6	0	391	20	1	345	346	4
6	0	391	30	2	345	346	5
6	0	391	40	29	387	347	749
6	0	391	50	3	351	347	3
6	0	391	60	25	345	90	497
6	0	391	70	27	345	90	1477
6	0	391	80	14	345	90	122
6	0	391	90	15	345	90	123
6	0	392	40	1	345	346	10
6	0	392	50	2	345	347	4
6	0	392	60	1	345	347	10
6	0	392	70	10	345	347	1335
6	0	392	80	4	345	90	12
6	0	392	90	3	379	347	3
