result_no	generate_no	e_no	lv	rank	mlp	mfp	cond	last_result_no	last_generate_no	
25	0	1	21	23	939	678	102	24	0
25	0	2	20	21	818	670	102	24	0
25	0	3	17	21	803	710	102	24	0
25	0	4	21	22	884	670	63	24	0
25	0	5	20	21	866	638	102	24	0
25	0	6	1	0	198	124	102	24	0
25	0	7	20	21	872	654	102	24	0
25	0	8	18	20	864	582	102	24	0
25	0	9	1	0	231	122	102	24	0
25	0	10	19	21	903	606	63	24	0
25	0	11	15	16	707	524	102	24	0
25	0	12	6	10	518	346	63	24	0
25	0	13	20	22	888	660	63	24	0
25	0	14	21	22	848	694	63	24	0
25	0	15	4	5	413	226	102	24	0
25	0	16	13	17	728	518	63	24	0
25	0	17	20	22	930	630	102	24	0
25	0	18	21	22	911	652	102	24	0
25	0	19	18	20	807	618	102	24	0
25	0	20	21	21	889	690	102	24	0
25	0	21	1	0	198	294	102	24	0
25	0	22	19	21	894	612	63	24	0
25	0	23	19	22	883	656	102	24	0
25	0	24	19	20	941	632	102	24	0
25	0	25	21	22	848	694	102	24	0
25	0	26	20	22	885	726	102	24	0
25	0	27	15	19	743	580	102	24	0
25	0	28	7	10	481	406	63	24	0
25	0	29	9	11	579	384	102	24	0
25	0	30	20	21	908	610	521	24	0
25	0	31	20	21	980	610	102	24	0
25	0	32	21	22	917	648	102	24	0
25	0	33	4	6	363	272	63	24	0
25	0	34	14	16	783	486	63	24	0
25	0	35	19	20	833	602	102	24	0
25	0	36	21	22	872	738	521	24	0
25	0	37	20	22	858	736	102	24	0
25	0	38	16	16	679	606	102	24	0
25	0	39	20	22	879	706	63	24	0
25	0	40	13	17	710	600	102	24	0
25	0	41	14	18	713	558	102	24	0
25	0	42	21	22	923	644	102	24	0
25	0	43	18	18	823	542	63	24	0
25	0	44	21	22	848	692	102	24	0
25	0	45	21	22	992	718	102	24	0
25	0	46	15	14	672	478	102	24	0
25	0	47	18	20	852	596	102	24	0
25	0	48	19	21	855	638	102	24	0
25	0	49	20	22	876	668	63	24	0
25	0	50	19	21	813	666	102	24	0
25	0	51	15	18	757	558	102	24	0
25	0	52	21	23	945	670	63	24	0
25	0	53	20	21	920	610	102	24	0
25	0	54	3	4	326	248	63	24	0
25	0	55	19	20	788	702	102	24	0
25	0	56	19	20	848	602	102	24	0
25	0	57	18	22	833	734	102	24	0
25	0	58	18	19	776	730	63	24	0
25	0	59	20	22	858	674	102	24	0
25	0	60	5	9	476	310	102	24	0
25	0	61	20	21	818	670	102	24	0
25	0	62	20	20	811	638	102	24	0
25	0	63	16	20	779	596	102	24	0
25	0	64	19	20	851	602	102	24	0
25	0	65	1	0	198	128	102	24	0
25	0	66	18	21	877	624	102	24	0
25	0	67	8	9	503	342	102	24	0
25	0	68	20	22	888	660	521	24	0
25	0	71	18	19	758	620	102	24	0
25	0	72	19	22	838	686	102	24	0
25	0	74	1	0	234	162	102	24	0
25	0	76	18	21	808	652	102	24	0
25	0	78	19	22	841	714	102	24	0
25	0	80	21	23	909	706	63	24	0
25	0	81	21	22	851	692	63	24	0
25	0	84	16	19	910	626	102	24	0
25	0	85	20	21	854	674	102	24	0
25	0	86	19	20	809	630	102	24	0
25	0	87	1	0	432	114	102	24	0
25	0	89	19	20	806	646	102	24	0
25	0	92	19	21	858	634	102	24	0
25	0	93	19	22	976	654	102	24	0
25	0	95	20	22	948	708	102	24	0
25	0	97	19	21	1083	606	102	24	0
25	0	99	20	22	921	638	102	24	0
25	0	100	20	22	930	744	63	24	0
25	0	103	20	22	969	630	102	24	0
25	0	104	19	20	839	612	102	24	0
25	0	105	12	13	653	430	102	24	0
25	0	106	20	21	857	660	102	24	0
25	0	110	21	22	857	696	102	24	0
25	0	111	18	21	808	730	102	24	0
25	0	112	20	22	846	688	521	24	0
25	0	113	21	22	851	692	63	24	0
25	0	117	20	21	818	706	102	24	0
25	0	122	20	21	908	610	102	24	0
25	0	125	21	22	983	724	63	24	0
25	0	127	19	21	1083	606	102	24	0
25	0	128	20	22	891	658	102	24	0
25	0	133	19	20	818	626	102	24	0
25	0	136	19	21	906	608	102	24	0
25	0	139	19	22	955	728	102	24	0
25	0	140	19	21	921	714	102	24	0
25	0	141	20	21	866	638	102	24	0
25	0	142	15	18	766	650	102	24	0
25	0	143	21	21	895	626	102	24	0
25	0	144	17	18	728	718	102	24	0
25	0	149	20	22	939	630	63	24	0
25	0	150	10	11	539	414	102	24	0
25	0	154	13	15	633	642	102	24	0
25	0	159	22	23	920	690	63	24	0
25	0	160	18	19	884	646	102	24	0
25	0	168	15	17	711	618	102	24	0
25	0	169	17	20	787	632	102	24	0
25	0	173	21	22	848	694	521	24	0
25	0	174	4	7	496	294	102	24	0
25	0	175	15	19	743	604	102	24	0
25	0	176	20	20	835	650	102	24	0
25	0	179	19	22	1108	626	63	24	0
25	0	181	16	19	757	728	102	24	0
25	0	184	16	18	885	534	63	24	0
25	0	185	20	21	851	672	102	24	0
25	0	188	21	23	963	654	521	24	0
25	0	189	10	12	645	392	102	24	0
25	0	190	21	23	927	726	521	24	0
25	0	199	20	21	908	610	102	24	0
25	0	202	20	21	833	700	102	24	0
25	0	203	16	17	923	538	102	24	0
25	0	204	19	20	857	600	102	24	0
25	0	209	19	20	788	646	102	24	0
25	0	211	20	22	861	678	102	24	0
25	0	213	17	19	765	614	102	24	0
25	0	215	18	19	758	622	102	24	0
25	0	217	15	16	731	564	102	24	0
25	0	219	17	20	778	638	102	24	0
25	0	220	13	13	712	422	102	24	0
25	0	221	19	20	791	652	102	24	0
25	0	222	20	23	940	662	102	24	0
25	0	224	20	22	843	688	102	24	0
25	0	227	21	22	857	688	63	24	0
25	0	231	21	22	896	662	102	24	0
25	0	233	20	21	908	610	102	24	0
25	0	234	20	22	843	718	102	24	0
25	0	235	21	22	896	662	63	24	0
25	0	237	12	13	608	454	102	24	0
25	0	240	21	23	888	712	102	24	0
25	0	242	21	22	860	686	63	24	0
25	0	243	18	20	819	618	102	24	0
25	0	245	11	10	531	378	102	24	0
25	0	247	19	22	838	686	102	24	0
25	0	248	17	16	768	498	63	24	0
25	0	250	16	17	785	514	102	24	0
25	0	252	20	21	872	642	63	24	0
25	0	254	21	22	875	676	63	24	0
25	0	255	18	19	848	562	102	24	0
25	0	256	21	22	893	664	63	24	0
25	0	258	18	20	843	602	102	24	0
25	0	259	20	21	872	650	102	24	0
25	0	260	20	21	842	670	102	24	0
25	0	261	21	21	844	668	102	24	0
25	0	262	18	20	783	642	102	24	0
25	0	270	19	21	927	634	102	24	0
25	0	271	18	20	903	598	102	24	0
25	0	272	20	21	878	654	102	24	0
25	0	276	15	17	762	556	102	24	0
25	0	278	20	22	891	762	102	24	0
25	0	283	15	18	718	582	102	24	0
25	0	284	18	20	849	598	102	24	0
25	0	285	21	22	938	634	63	24	0
25	0	286	20	21	905	612	521	24	0
25	0	287	20	22	843	690	102	24	0
25	0	288	21	22	1019	676	102	24	0
25	0	299	20	21	908	610	102	24	0
25	0	300	21	22	887	728	102	24	0
25	0	301	19	21	894	612	102	24	0
25	0	302	20	21	953	700	102	24	0
25	0	303	15	17	783	510	63	24	0
25	0	304	19	21	1083	606	331	24	0
25	0	306	20	22	843	810	63	24	0
25	0	307	20	23	949	656	331	24	0
25	0	308	19	21	903	606	102	24	0
25	0	312	21	22	866	742	102	24	0
25	0	314	15	16	668	548	102	24	0
25	0	318	19	21	831	606	102	24	0
25	0	320	21	21	892	656	102	24	0
25	0	321	8	10	483	398	102	24	0
25	0	324	18	22	833	682	102	24	0
25	0	327	21	21	823	794	102	24	0
25	0	330	19	20	893	652	102	24	0
25	0	331	17	18	731	588	102	24	0
25	0	333	15	17	801	586	102	24	0
25	0	334	20	21	839	654	102	24	0
25	0	339	21	22	938	634	521	24	0
25	0	341	20	21	929	652	102	24	0
25	0	343	16	17	836	520	102	24	0
25	0	344	20	21	935	644	102	24	0
25	0	347	18	18	754	588	102	24	0
25	0	348	19	20	869	590	102	24	0
25	0	356	19	21	903	606	102	24	0
25	0	359	16	18	723	534	102	24	0
25	0	360	20	22	909	644	102	24	0
25	0	362	21	21	898	628	102	24	0
25	0	363	20	21	833	660	102	24	0
25	0	368	20	21	899	616	102	24	0
25	0	369	21	22	884	670	102	24	0
25	0	370	21	22	851	692	102	24	0
25	0	372	21	21	889	678	521	24	0
25	0	373	21	22	938	634	102	24	0
25	0	374	20	21	821	784	102	24	0
25	0	383	21	22	917	648	521	24	0
25	0	384	13	16	742	482	102	24	0
25	0	389	18	20	1053	582	102	24	0
