result_no	generate_no	e_no	set_col	set_lv	name	holiday	division	detail_division	lv	value	period	
28	0	1	U	24	回復施設	480	300	147	31	340	9
28	0	1	R	18	果樹園★増設済（改良）	285	293	311	24	400	1
28	0	1	C	21	競技場	250	290	131	25	150	1
28	0	1	B	23	競技場	329	290	131	27	174	2
28	0	1	A	23	教会	434	291	151	27	189	4
28	0	2	U	17	診療所	480	300	237	19	180	1
28	0	2	B	20	城	308	287	322	25	261	3
28	0	2	C	21	野外ステージ	457	287	242	25	203	5
28	0	2	A	20	城	250	287	322	26	270	4
28	0	4	L	23	ドリス宿屋	457	300	168	26	182	5
28	0	4	M	23	お医者さんごっこ会場密氷城支店	434	300	199	25	182	4
28	0	4	I	24	喫茶『タイニーアップル』	480	301	140	27	196	6
28	0	4	E	18	ドリスファーム屠殺場★増設済（延命）	480	300	236	21	198	8
28	0	4	O	16	ジビエ『ドリス』★増設済（延命）	329	301	268	17	190	6
28	0	4	J	20	ドリスピクチャールーム	250	294	244	22	240	5
28	0	4	N	22	ドリス教会2号店	329	291	151	22	192	4
28	0	5	A	20	培養槽	250	300	147	30	264	3
28	0	5	V	21	タワー	329	287	316	24	144	2
28	0	5	D	20	生命の海	308	293	157	22	192	2
28	0	5	J	18	執着	480	291	151	22	250	2
28	0	5	U	23	マッチョ養成施設	434	609	609	24	120	2
28	0	5	E	19	亡骸	285	291	151	23	243	2
28	0	5	R	24	万科辞典★増設済（延命）	457	294	214	28	261	14
28	0	5	T	25	ネコ屋敷	480	293	119	29	231	6
28	0	7	C	23	風上のベンチ★増設済（改良）	434	290	191	27	496	5
28	0	7	J	20	胎動冷却地質調査所	250	293	159	27	174	1
28	0	7	T	24	火文字の下書き	480	287	242	27	203	6
28	0	7	L	21	雪遊びの跡	329	287	103	24	120	1
28	0	7	A	23	腐葉の山	457	290	265	27	135	3
28	0	7	T	15	物見サイロ★増設済（延命）	329	287	316	19	184	4
28	0	10	K	22	付与工房	434	302	98	25	125	2
28	0	10	J	24	衣服屋	480	132	73	26	130	4
28	0	10	L	21	食堂	329	301	204	25	243	5
28	0	11	S	17	専門料理店	329	301	268	21	207	5
28	0	11	B	14	礼拝堂	285	291	200	16	200	3
28	0	11	Q	16	合成工房	434	298	139	24	250	7
28	0	12	I	12	わくわくふれあいランド	434	293	119	13	160	7
28	0	12	J	10	戦いのためのおやすみ場	329	301	155	12	60	1
28	0	13	I	20	遊園地	250	290	226	24	162	1
28	0	13	F	24	食堂	434	301	204	24	192	5
28	0	13	E	22	公園	329	287	247	25	168	2
28	0	13	J	19	聖堂	308	291	261	19	140	1
28	0	13	D	24	『ハイパーウルトラすごいネズミラットマウス神社』	457	291	251	26	270	8
28	0	14	B	18	ふぁんたす劇場★増設済（改良）	480	294	332	21	432	1
28	0	14	J	23	補処	434	301	268	27	280	7
28	0	14	I	23	希品館	457	294	124	27	290	8
28	0	14	R	21	寛処★増設済（延命）	250	300	147	29	320	12
28	0	14	L	22	泊処	329	300	278	25	261	5
28	0	14	V	25	かめ園	480	290	226	27	261	8
28	0	17	B	22	療術所	457	300	199	22	216	7
28	0	18	N	23	セイセイドウドウ小堂	434	291	261	27	280	7
28	0	18	O	22	尻尾の祠…と売店	457	291	151	26	156	4
28	0	18	M	25	テラテラ★テラス	480	301	163	29	270	8
28	0	18	P	21	星空回復センター★増設済（延命）	308	300	168	25	162	7
28	0	18	R	22	キラキラ団子屋	329	301	204	26	300	6
28	0	19	L	20	リゾートホテル	329	300	240	24	182	3
28	0	19	R	20	楽器屋	457	289	193	28	186	4
28	0	19	O	23	食堂	480	301	204	27	189	6
28	0	19	D	16	家畜小屋	480	300	236	17	180	1
28	0	19	T	17	療術所	308	300	199	19	176	2
28	0	20	T	21	世界ノ欠片-XⅩⅤ	329	609	609	25	125	1
28	0	20	I	23	世界ノ欠片-XⅩⅧ	480	609	609	28	140	4
28	0	20	R	23	世界ノ欠片-XⅩⅥ	434	609	609	25	125	2
28	0	20	A	24	世界の欠片-ⅩⅩⅦ	457	609	609	27	135	3
28	0	21	S	22	記念館	480	294	135	26	280	9
28	0	21	J	18	研究所	285	293	159	22	234	2
28	0	22	U	19	アニマルカフェ	285	290	191	22	225	2
28	0	22	M	21	ビーチ	434	287	317	23	207	6
28	0	22	H	21	図書館★増設済（改良）	457	294	214	25	450	7
28	0	22	E	21	図書館★増設済（改良）	250	294	214	22	500	5
28	0	22	C	18	農園	480	293	157	19	190	2
28	0	23	D	15	休息施設★増設済（延命）	329	301	155	18	90	1
28	0	23	M	22	休息施設	329	301	155	24	120	1
28	0	23	K	24	回復施設★増設済（改良）	457	300	147	26	260	3
28	0	23	B	19	休息施設★増設済（延命）	480	301	155	20	100	3
28	0	23	L	22	ゲームセンター	434	290	276	25	182	4
28	0	23	O	23	休息施設	480	301	155	26	130	4
28	0	24	I	23	教会	480	291	151	25	208	7
28	0	24	D	17	灰色と■	480	300	240	19	220	1
28	0	24	L	19	灰衣の出張医療団	285	300	199	21	216	2
28	0	24	T	15	レストラン デ・ミエル★増設済（延命）	329	301	268	17	136	4
28	0	24	F	20	灰病院★増設済（改良）	329	300	199	24	400	4
28	0	24	E	21	公園★増設済（改良）	434	287	247	25	468	6
28	0	24	G	22	はいおく	457	301	171	24	216	6
28	0	25	E	23	果樹園	434	293	311	27	248	5
28	0	25	F	21	油田	308	293	751	25	175	1
28	0	25	H	25	植物園	480	293	284	29	174	5
28	0	25	D	22	アニマルカフェ	329	290	191	26	252	5
28	0	25	G	24	付与工房	457	302	98	27	135	3
28	0	26	Q	21	祭器屋	308	296	129	26	208	2
28	0	26	D	24	遊園地	457	290	226	26	216	6
28	0	27	V	1	防具屋	480	71	75	3	20	2
28	0	27	Q	17	産業施設	434	293	182	23	115	2
28	0	27	Q	24	定食屋	480	301	163	26	216	7
28	0	28	Q	10	衣服屋	329	132	73	12	60	1
28	0	28	S	11	スパ・シャリーア	434	300	147	13	160	7
28	0	28	P	13	魔器屋	457	292	79	15	75	3
28	0	29	K	1	防具屋	480	71	75	3	20	2
28	0	30	A	21	兵器屋	329	297	161	25	261	5
28	0	30	U	22	遊園地	457	290	226	26	180	4
28	0	31	H	23	研究所	434	293	159	27	252	6
28	0	31	J	24	聖堂	480	291	261	28	192	5
28	0	31	E	21	武器屋	329	286	69	24	120	1
28	0	32	U	23	うさうさカフェ	434	290	191	26	290	7
28	0	32	R	24	ぴょんぴょん競兔場	457	290	131	27	174	4
28	0	32	N	22	忌み星の病院跡	329	300	188	26	234	5
28	0	33	I	1	魔法の小石屋	480	292	79	3	20	2
28	0	34	E	22	防具屋	457	71	75	24	120	3
28	0	34	D	20	防具屋	434	71	75	20	100	2
28	0	34	J	23	防具屋	480	71	75	26	130	4
28	0	35	G	22	訓練所	457	609	609	23	115	3
28	0	35	S	22	訓練所	480	609	609	23	115	4
28	0	35	F	19	天満宮	250	291	96	24	240	5
28	0	35	I	17	遊園地	480	290	226	21	220	1
28	0	35	K	19	訓練所	329	609	609	24	120	1
28	0	35	H	19	防具屋	434	71	75	21	105	2
28	0	36	P	23	氷晶の庭	480	300	147	25	125	4
28	0	36	V	22	智慧運ぶ風の図書塔	250	294	214	26	240	3
28	0	36	U	23	うさうさビーチ★増設済（改良）	434	287	317	27	540	7
28	0	36	R	21	Black Rabbit	457	301	155	27	135	3
28	0	37	E	22	回復施設	329	300	147	22	110	1
28	0	37	I	18	定食屋★増設済（改良）	308	301	163	23	234	3
28	0	37	H	23	旅館	434	300	278	26	203	4
28	0	37	J	25	衣服屋	480	132	73	27	135	4
28	0	37	G	21	診療所	250	300	237	22	260	5
28	0	38	K	16	聖堂	250	291	261	22	161	2
28	0	39	J	25	兵器屋	480	297	161	25	125	4
28	0	39	F	22	療術所★増設済（改良）	250	300	199	26	420	2
28	0	39	I	21	武器屋★増設済（改良）	329	286	69	24	240	1
28	0	41	K	18	付与工房	329	302	98	22	110	1
28	0	41	O	20	衣服屋	434	132	73	22	110	2
28	0	42	E	17	『カマクラ幕府』★増設済（延命）	480	300	199	21	220	9
28	0	42	A	20	比類なき黄金の記念館★増設済（延命）	250	294	135	24	182	9
28	0	42	V	21	歌声喫茶『美声の殿堂』	434	290	176	21	147	4
28	0	42	C	22	大魔界博物館	329	294	124	27	261	5
28	0	42	R	23	展示場『大鎌百選』	480	294	150	27	135	4
28	0	42	U	23	診察所『合掌造』	457	300	237	23	138	4
28	0	42	B	20	絢爛『博石館』★増設済（延命）	285	294	124	21	225	9
28	0	42	D	20	果樹園『氷果水月』	308	293	311	21	175	1
28	0	43	F	20	野外ステージ	457	287	242	25	196	5
28	0	43	I	18	まぜまぜ	250	298	139	26	234	4
28	0	44	U	21	甘味処	250	301	211	25	234	4
28	0	44	V	22	公園	329	287	247	26	189	3
28	0	44	J	24	鑑賞施設	480	294	150	26	130	4
28	0	44	I	12	動物園★増設済（延命）	329	293	119	12	126	5
28	0	44	P	22	護符屋	457	295	88	26	130	3
28	0	44	R	16	信仰施設★増設済（延命）	480	291	120	24	250	9
28	0	45	T	21	植物園	250	293	284	25	252	4
28	0	45	S	22	信仰施設	329	291	120	22	110	1
28	0	45	R	23	料亭	434	301	266	26	224	5
28	0	45	Q	24	信仰施設	457	291	120	27	135	3
28	0	45	O	23	信仰施設	480	291	120	28	140	4
28	0	46	O	12	植物園	457	293	284	16	180	7
28	0	46	D	14	悪魔的公園★増設済（延命）	329	287	247	18	120	2
28	0	47	B	20	記念館	329	294	135	21	184	4
28	0	47	V	16	図書館	308	294	214	20	147	1
28	0	47	E	22	健康食品店	457	301	327	26	210	5
28	0	48	J	21	産業施設	329	293	182	21	105	1
28	0	48	L	23	小さな足湯	434	300	283	24	168	4
28	0	48	Q	24	天満宮	480	291	96	28	192	5
28	0	48	Q	23	兵器屋	457	297	161	25	125	3
28	0	49	M	24	とうめいしつ	457	300	147	27	135	3
28	0	49	Q	22	かんぽういん	329	300	147	25	125	1
28	0	49	N	23	はくいどう	434	300	147	26	130	2
28	0	49	I	24	ひぐるまどう	480	300	147	28	140	4
28	0	50	H	22	休息施設	434	301	155	25	125	2
28	0	50	F	23	休息施設	480	301	155	28	140	4
28	0	50	E	20	教会★増設済（延命）	308	291	151	28	290	11
28	0	50	I	20	料亭	250	301	266	24	216	4
28	0	50	G	24	甘味処	457	301	211	26	180	4
28	0	50	G	21	公園	329	287	247	25	224	4
28	0	52	F	26	武器屋	480	286	69	27	135	4
28	0	52	F	24	武器屋	457	286	69	26	130	3
28	0	52	L	22	診療所	250	300	237	26	240	3
28	0	52	K	23	武器屋	329	286	69	26	130	1
28	0	52	H	22	農園	434	293	157	27	224	5
28	0	53	F	17	果樹園	480	293	311	20	210	2
28	0	53	M	22	妾の防具屋だ！	457	71	75	24	120	3
28	0	53	K	21	妾の武器屋だ！	329	286	69	23	115	1
28	0	53	I	20	妾の武器屋だ！	434	286	69	23	115	2
28	0	54	J	12	素材工場	480	293	182	14	70	4
28	0	54	P	8	休息施設	329	301	155	8	40	1
28	0	55	O	16	防具屋★増設済（延命）	480	71	75	19	95	4
28	0	55	Q	18	水族館★増設済（改良）	285	293	243	19	320	1
28	0	55	F	20	信仰施設	329	291	120	21	207	5
28	0	55	K	21	城	434	287	322	24	168	4
28	0	55	P	23	訓練所	457	609	609	25	125	3
28	0	56	I	21	遊園地	480	290	226	30	270	8
28	0	56	H	20	図書館	457	294	214	24	175	5
28	0	57	V	20	美術館	250	294	274	24	168	2
28	0	57	F	15	公園★増設済（延命）	250	287	247	19	200	5
28	0	57	C	12	競技場★増設済（延命）	434	290	131	21	144	3
28	0	57	U	22	神社	329	291	251	24	182	3
28	0	57	Q	17	祭器屋★増設済（延命）	285	296	129	23	115	5
28	0	57	A	21	野外ステージ★増設済（改良）	434	287	242	25	400	5
28	0	57	D	24	水族館★増設済（延命）	457	293	243	30	300	15
28	0	58	C	20	武器屋	434	286	69	23	115	2
28	0	58	E	21	兵器屋	480	297	161	24	120	4
28	0	58	O	19	神殿	308	291	169	20	168	2
28	0	58	A	19	楽器屋	329	289	193	23	115	1
28	0	59	C	22	専門料理店	329	301	268	26	208	4
28	0	59	F	18	回復施設	285	300	147	27	279	2
28	0	59	J	22	付与工房	434	302	98	26	130	2
28	0	59	E	8	信仰施設★増設済（延命）	329	291	120	16	153	5
28	0	59	D	21	神殿	250	291	169	25	280	5
28	0	59	M	24	武器屋	480	286	69	28	140	4
28	0	59	K	24	ゲームセンター★増設済（改良）	457	290	276	28	496	6
28	0	61	P	20	競技場★増設済（改良）	308	290	131	28	576	3
28	0	61	E	24	研究所	480	293	159	30	248	7
28	0	61	U	17	療術所	480	300	199	21	250	1
28	0	61	O	21	定食屋	250	301	163	24	162	1
28	0	61	M	21	聖堂	329	291	261	25	189	3
28	0	62	U	20	装飾屋★増設済（改良）	250	84	86	28	640	5
28	0	62	S	20	教会	329	291	151	24	168	3
28	0	62	B	20	防具屋★増設済（改良）	285	71	75	21	384	1
28	0	62	Q	15	野外ステージ★増設済（延命）	329	287	242	17	102	2
28	0	62	J	17	装飾屋★増設済（延命）	480	84	86	19	95	3
28	0	62	P	21	装飾屋★増設済（改良）	434	84	86	30	448	4
28	0	62	D	22	ゲームセンター	457	290	276	22	198	7
28	0	63	M	20	楽器屋	329	289	193	24	120	1
28	0	63	D	17	産業施設	457	293	182	22	110	3
28	0	63	F	20	衣服屋	480	132	73	21	105	4
28	0	65	Q	16	家畜小屋	457	300	236	20	210	8
28	0	65	O	20	魔器屋	480	292	79	20	100	4
28	0	66	S	23	武器屋	434	286	69	24	120	2
28	0	66	G	24	遊戯施設	480	290	265	27	135	4
28	0	66	U	20	公園	329	287	247	25	189	3
28	0	66	E	24	再付与工房	457	299	136	25	182	5
28	0	71	M	19	ペンション	329	300	319	23	270	6
28	0	71	M	20	信仰施設	434	291	120	23	115	2
28	0	71	I	20	信仰施設	457	291	120	24	120	3
28	0	72	H	24	装飾屋	480	84	86	27	135	4
28	0	72	L	22	祭器屋	329	296	129	25	125	1
28	0	72	D	18	宿屋	285	300	168	26	261	2
28	0	72	M	23	魔器屋	457	292	79	26	130	3
28	0	74	I	12	病院	480	300	188	16	200	9
28	0	74	P	12	アニマルカフェ	480	290	191	16	190	2
28	0	74	B	12	プラネタリウム	308	294	220	15	160	4
28	0	76	D	22	付与工房	434	302	98	25	125	2
28	0	76	C	24	武器屋	480	286	69	28	140	4
28	0	76	I	12	教会★増設済（改良）	480	291	151	16	380	1
28	0	76	B	24	油田	457	293	751	32	330	8
28	0	76	I	16	記念館	308	294	135	20	200	4
28	0	76	J	20	合成工房	329	298	139	20	100	1
28	0	78	S	19	農園★増設済（改良）	250	293	157	23	322	2
28	0	80	T	24	肉製の実験室	480	297	161	28	140	4
28	0	80	B	24	水鏡月花	434	294	220	28	240	5
28	0	80	G	21	天算地奇教会★増設済（延命）	250	291	151	25	156	8
28	0	80	A	24	リルケの製紙場	457	293	182	27	135	3
28	0	80	F	23	萬葛の白社	329	291	251	27	240	4
28	0	81	B	21	縁も所縁もない場所	285	291	151	25	250	3
28	0	81	D	22	宿屋	329	300	168	25	225	5
28	0	81	D	20	療術所	308	300	199	24	234	3
28	0	81	F	23	神殿	434	291	169	26	270	6
28	0	81	F	25	礼拝堂	457	291	200	29	174	4
28	0	81	H	24	定食屋『ねばーおんりーわん』	480	301	163	33	333	8
28	0	81	A	20	塔	250	287	316	28	310	5
28	0	84	M	19	装飾屋	329	84	86	21	105	1
28	0	84	Q	21	衣服屋	480	132	73	23	115	4
28	0	84	P	20	衣服屋	434	132	73	23	115	2
28	0	85	A	20	転送装置	250	288	114	27	270	5
28	0	85	Q	16	回復施設★増設済（延命）	434	300	147	24	162	3
28	0	85	K	25	工務店	480	293	776	27	270	8
28	0	85	F	21	付与工房	329	302	98	24	120	1
28	0	85	G	23	記念館	434	294	135	27	189	4
28	0	86	I	18	ブドウ畑	285	293	311	22	230	3
28	0	86	J	20	遊戯施設	457	290	265	24	120	3
28	0	87	L	16	リゾートホテル	250	300	240	20	144	1
28	0	87	G	16	聖堂	457	291	261	16	200	8
28	0	89	M	25	神殿	480	291	169	29	217	6
28	0	89	K	24	定食屋	434	301	163	27	243	6
28	0	89	L	25	兵器屋	457	297	161	28	140	3
28	0	89	I	19	兵器屋	329	297	161	25	208	4
28	0	89	K	20	野外ステージ	250	287	242	24	182	2
28	0	92	F	16	武器屋	457	286	69	17	85	3
28	0	92	T	12	神宮	308	291	275	20	160	2
28	0	92	V	18	装飾屋	329	84	86	20	100	1
28	0	92	E	16	武器屋	480	286	69	20	100	4
28	0	92	A	13	訓練所	434	609	609	16	80	2
28	0	93	C	24	休息施設	457	301	155	27	135	3
28	0	93	G	25	兵器屋	480	297	161	28	140	4
28	0	93	E	23	合成工房	434	298	139	24	120	2
28	0	95	O	20	プラネタリウム	308	294	220	25	189	1
28	0	95	C	24	ペンション★増設済（延命）	457	300	319	27	203	12
28	0	95	B	22	付与工房	329	302	98	24	120	1
28	0	95	S	20	ペンション	285	300	319	24	240	3
28	0	95	A	23	衣服屋	434	132	73	26	130	2
28	0	95	D	25	衣服屋	480	132	73	28	140	4
28	0	97	N	23	カスタマイズショップ「ポテト」	457	71	75	24	120	3
28	0	97	H	21	小料理屋「南瓜」	329	301	266	22	144	2
28	0	97	D	20	すずしろ仏具店	308	296	129	25	290	4
28	0	99	T	21	鳥の巣亭	250	300	278	25	189	2
28	0	99	E	25	鳩レース会場	480	290	131	25	243	8
28	0	99	V	21	競魚場	308	290	131	25	189	1
28	0	99	U	22	ガラス張りのむこう	329	293	243	22	176	4
28	0	99	A	23	クジラのいるプラネタリウム	434	294	220	25	234	6
28	0	99	D	24	ガラクタ専門店	457	297	161	25	252	7
28	0	100	D	20	アルカナナイツカフェ★増設済（改良）	308	301	140	24	392	1
28	0	100	G	21	大聖堂	250	291	261	29	217	2
28	0	100	M	22	小さな動物園	329	293	119	25	225	5
28	0	100	Q	23	小さな劇場	434	294	332	27	216	5
28	0	100	T	23	料亭	457	301	266	27	210	5
28	0	103	B	13	古びた映画館★増設済（延命）	480	294	244	17	210	2
28	0	103	J	18	料亭★増設済（改良）	480	301	266	22	460	2
28	0	103	T	23	神殿	434	291	169	27	243	6
28	0	103	P	21	再付与工房	250	299	136	25	175	2
28	0	103	M	24	カラオケボックス	480	290	176	26	174	5
28	0	103	N	20	礼拝堂★増設済（延命）	308	291	200	21	225	10
28	0	103	U	22	修道院	329	291	249	26	252	5
28	0	104	V	20	聖堂	329	291	261	22	260	6
28	0	104	L	21	現代アート美術館	457	294	274	25	168	4
28	0	104	R	18	連打速度測定器	285	290	131	21	184	1
28	0	104	O	17	ﾈｺﾈｺﾈｺｰ	480	290	191	21	225	1
28	0	106	L	24	鑑賞施設	480	294	150	27	135	4
28	0	106	O	21	動物園	434	293	119	24	280	7
28	0	106	M	23	訓練所	457	609	609	25	125	3
28	0	106	S	12	鑑賞施設★増設済（延命）	434	294	150	19	95	2
28	0	110	J	23	武器屋	457	286	69	26	130	3
28	0	110	M	22	塔	329	287	316	30	248	4
28	0	112	R	23	合成工房	457	298	139	26	130	3
28	0	112	N	23	食堂	480	301	204	26	180	5
28	0	112	H	19	喫茶店	308	301	140	23	270	4
28	0	112	T	22	合成工房★増設済（改良）	434	298	139	23	230	2
28	0	113	V	23	訓練所	434	609	609	26	130	2
28	0	113	B	24	訓練所	457	609	609	27	135	3
28	0	113	D	19	転送装置	285	288	114	22	230	3
28	0	113	T	21	病院	250	300	188	25	290	5
28	0	113	U	22	訓練所	329	609	609	25	125	1
28	0	113	J	25	訓練所	480	609	609	28	140	4
28	0	117	L	24	病院	457	300	188	24	168	5
28	0	117	D	22	護符屋	434	295	88	25	125	2
28	0	117	U	20	神殿	308	291	169	21	198	3
28	0	117	J	24	修道院	480	291	249	25	252	8
28	0	117	C	21	神社	329	291	251	24	225	5
28	0	122	T	23	止まり木	434	300	147	25	125	2
28	0	122	U	24	止まり木	480	301	155	27	135	4
28	0	125	B	25	動物園	480	293	119	26	240	7
28	0	125	D	22	美術館	329	294	274	26	260	6
28	0	125	H	19	図書館★増設済（改良）	285	294	214	19	400	3
28	0	125	F	22	研究所	250	293	159	24	144	1
28	0	125	C	24	スライムカフェ	457	290	191	26	208	6
28	0	127	M	24	魔器屋	457	292	79	27	135	3
28	0	127	O	20	らいおんはーと	250	290	191	28	217	2
28	0	128	S	22	魔器屋	457	292	79	25	125	3
28	0	128	E	20	教会	250	291	151	22	144	1
28	0	128	T	22	聖堂★増設済（改良）	329	291	261	26	540	6
28	0	128	U	21	魔器屋	434	292	79	24	120	2
28	0	128	A	25	教会	480	291	151	29	198	5
28	0	128	K	17	プラネタリウム★増設済（延命）	434	294	220	21	176	5
28	0	133	N	20	果樹園	308	293	311	24	225	3
28	0	133	I	20	熱湯アイス	457	301	327	24	189	5
28	0	133	E	17	兵器屋	329	297	161	23	115	1
28	0	133	D	21	兵器屋	434	297	161	21	105	2
28	0	133	M	19	護符屋	480	295	88	23	216	1
28	0	133	G	22	リゾートホテル	480	300	240	23	156	5
28	0	136	D	23	定食屋	457	301	163	25	270	8
28	0	136	E	21	鑑賞施設	329	294	150	25	125	1
28	0	139	U	24	ビーチ	480	287	317	28	261	8
28	0	139	G	16	兵器屋★増設済（延命）	480	297	161	24	252	8
28	0	139	R	20	旅館	250	300	278	29	320	5
28	0	139	T	22	衣服屋	329	132	73	24	120	1
28	0	139	V	23	衣服屋	434	132	73	26	130	2
28	0	139	A	24	衣服屋	457	132	73	27	135	3
28	0	140	J	20	主の居ないお屋敷★増設済（延命）	308	287	460	27	261	10
28	0	140	J	12	金のなる木★増設済（延命）	285	301	155	21	240	3
28	0	140	J	21	バンブーリング楽器店	434	289	193	25	125	2
28	0	140	U	17	食虫植物公園	457	287	247	20	210	1
28	0	140	K	19	邪神ちゃん大聖堂	285	291	261	22	192	1
28	0	140	E	21	バンブーリング楽器店	329	289	193	24	120	1
28	0	140	N	22	バンブーリング楽器店	457	289	193	25	125	3
28	0	140	O	22	バンブーリング楽器店	480	289	193	26	130	4
28	0	141	P	22	診療所	434	300	237	23	182	4
28	0	141	I	20	駆込寺『十文字』	250	291	249	23	234	4
28	0	141	M	21	海の家『十文字』	329	287	317	24	200	4
28	0	141	U	23	療術所	480	300	199	26	232	7
28	0	142	K	23	護符屋	480	295	88	27	135	4
28	0	142	C	18	[忘却]	434	286	69	22	110	2
28	0	143	O	20	メロンパン修道院	308	291	249	23	161	1
28	0	143	P	20	メロンパン大図書館	285	294	214	23	216	1
28	0	143	J	21	野生動物のレース会場★増設済（改良）	250	293	119	24	520	5
28	0	143	Q	21	公爵の書庫	329	294	214	25	208	4
28	0	149	U	25	散策施設	480	287	103	28	140	4
28	0	149	T	24	遊戯施設	457	290	265	27	135	3
28	0	149	E	22	装飾屋	329	84	86	25	125	1
28	0	149	B	23	休息施設	434	301	155	26	130	2
28	0	159	C	24	武器屋	457	286	69	27	135	3
28	0	159	B	23	診療所	329	300	237	27	270	5
28	0	159	F	26	食堂	480	301	204	28	248	7
28	0	159	O	15	療術所★増設済（延命）	308	300	199	19	200	4
28	0	159	T	21	聖堂★増設済（改良）	250	291	261	24	400	3
28	0	160	H	16	付与工房	250	302	98	16	144	4
28	0	160	P	16	競技場	434	290	131	20	240	7
28	0	160	J	18	アニマルカフェ	285	290	191	22	207	2
28	0	160	I	13	競技場	308	290	131	17	168	2
28	0	168	F	12	果実の成る樹★増設済（延命）	329	301	155	16	80	1
28	0	168	J	17	衣服屋	329	132	73	20	100	1
28	0	168	H	16	衣服屋	434	132	73	21	105	2
28	0	168	G	13	フェアリーテーラー★増設済（延命）	480	132	73	18	90	4
28	0	168	N	20	こじろテーラー	480	132	73	20	100	4
28	0	168	K	16	フェアリーテーラー	457	132	73	20	100	3
28	0	169	M	13	アニマルカフェ	250	290	191	18	189	4
28	0	173	T	20	研究所	308	293	159	24	200	2
28	0	173	A	22	記念館	329	294	135	25	290	6
28	0	173	U	21	図書館	250	294	214	25	225	4
28	0	173	F	25	家畜小屋	457	300	236	29	240	6
28	0	173	J	24	旅館	480	300	278	32	272	7
28	0	173	D	23	礼拝堂	434	291	200	26	252	6
28	0	174	K	9	カラオケボックス	434	290	176	9	90	7
28	0	176	O	20	ソウルフードショップ	250	301	204	24	182	2
28	0	176	I	20	ミート・魔神	329	291	261	24	189	3
28	0	179	G	20	散活気神社	250	291	251	24	182	2
28	0	179	D	22	創作料理の屋台	329	609	609	24	120	1
28	0	179	A	16	蚤の市★増設済（延命）	480	71	75	17	85	3
28	0	179	H	22	古い記憶の屋台	434	609	609	24	120	2
28	0	179	K	24	薬膳料理の屋台	457	609	609	26	130	3
28	0	179	L	24	懐古の屋台	480	609	609	26	130	4
28	0	181	M	19	タピの丘★増設済（延命）	329	291	120	21	105	8
28	0	181	L	21	丘★増設済（延命）	434	294	332	25	261	13
28	0	181	G	23	丘	457	609	609	25	125	3
28	0	181	E	16	丘★増設済（延命）	308	84	86	20	100	6
28	0	181	I	24	丘	480	297	161	27	135	4
28	0	181	D	16	丘★増設済（延命）	480	290	265	19	95	3
28	0	185	B	25	聖堂	480	291	261	26	203	6
28	0	188	A	19	農園	285	293	157	23	184	1
28	0	188	O	21	植物園★増設済（改良）	250	293	284	25	450	4
28	0	188	L	23	健康食品店	329	301	327	27	243	5
28	0	188	V	18	美術館★増設済（改良）	480	294	274	22	440	1
28	0	189	B	12	神獣戦線・医療基地跡	329	300	237	16	144	4
28	0	189	C	12	神獣戦線・生産基地跡	457	132	73	12	130	8
28	0	190	A	21	訓練所	434	609	609	27	135	2
28	0	190	O	18	魔器屋	480	292	79	24	250	1
28	0	190	N	20	農園	285	293	157	24	240	3
28	0	190	R	20	Sunlight Order	308	290	276	27	224	2
28	0	190	B	23	ペンション	329	300	319	27	216	4
28	0	190	D	24	神社	457	291	251	28	192	4
28	0	190	E	25	修道院	480	291	249	29	203	6
28	0	199	J	20	武器屋	250	286	69	25	243	4
28	0	199	I	20	訓練所	329	609	609	24	120	1
28	0	199	H	23	家畜小屋	434	300	236	27	174	3
28	0	199	D	24	武器屋	457	286	69	27	135	3
28	0	199	Q	21	果樹園	308	293	311	25	216	2
28	0	199	A	24	定食屋	480	301	163	29	288	8
28	0	202	E	24	旅館	457	300	278	28	270	7
28	0	202	T	16	聖堂	480	291	261	20	189	1
28	0	202	V	17	甘味処	285	301	211	19	180	2
28	0	202	H	20	工務店	250	293	776	24	175	2
28	0	202	B	21	甘味処	434	301	211	26	270	6
28	0	204	S	21	霊刀魚観察用∞循環路	434	293	243	25	208	5
28	0	204	Q	23	地底の空に浮かぶ海って名前の普通の公園。	480	287	247	27	189	6
28	0	209	M	24	宝石細工工房『ソウルジュエリー』密氷域店	480	302	98	27	135	4
28	0	209	J	23	宝石細工工房『ソウルジュエリー』風車の並ぶ丘店	457	302	98	28	140	3
28	0	209	F	24	宝石細工工房『ソウルジュエリー』桜の咲く園店	434	302	98	24	120	2
28	0	209	G	20	宝石細工工房『ソウルジュエリー』ドラゴンの寿司店	329	302	98	24	120	1
28	0	211	T	22	怪しげな工房★増設済（改良）	434	302	98	26	600	7
28	0	211	V	24	怪しげな宿屋	457	300	168	26	243	7
28	0	211	G	25	怪しげな喫茶店　2号店	480	301	140	26	182	6
28	0	211	E	22	怪しげなペンション	329	300	319	23	208	4
28	0	211	S	18	怪しげな喫茶店★増設済（改良）	480	301	140	23	480	2
28	0	213	V	19	民間療法屋	308	300	199	20	189	3
28	0	213	E	12	コウモリレースはいぱー★増設済（延命）	285	290	131	15	170	3
28	0	213	N	6	神殿	457	291	169	18	198	7
28	0	213	K	15	あいすくらっしゃー２号店	480	301	211	19	168	7
28	0	213	E	16	梅林★増設済（改良）	285	291	96	22	468	2
28	0	213	Q	4	あいすくらっしゃー	329	301	211	11	78	2
28	0	215	L	21	菜園カフェ・オリュゾン	480	293	157	25	174	5
28	0	215	L	20	オーガニック・カフェ・オリュゾン	434	301	327	30	306	6
28	0	215	L	19	アートチョコファクトリー	329	84	86	21	105	1
28	0	217	F	12	鉱石ガチャマシーン★増設済（改良）	329	291	120	16	160	1
28	0	217	I	14	信仰篤き者の像	434	291	120	16	80	2
28	0	217	U	11	星の神殿★増設済（延命）	480	291	96	15	162	1
28	0	219	K	20	青い花畑★増設済（延命）	250	293	284	27	174	8
28	0	219	V	17	食事処『渦潮』	285	301	163	18	171	2
28	0	221	I	21	健康食品店	434	301	327	24	240	7
28	0	221	U	19	映画館	285	294	244	22	220	3
28	0	221	E	19	兵器屋	329	297	161	23	115	1
28	0	221	D	21	衣服屋	457	132	73	25	125	3
28	0	222	O	22	黄金若辺津神社	457	291	251	25	252	7
28	0	222	J	20	にゃべつ焼き★増設済（改良）	308	301	310	24	480	4
28	0	222	K	21	夜のにゃべつかふぇ★増設済（改良）	250	290	191	24	486	4
28	0	222	L	23	ヒーリング・フィールド★増設済（改良）	329	300	199	24	504	5
28	0	222	J	15	にゃべつ畑★増設済（延命）	308	293	157	16	144	3
28	0	222	M	21	若辺津神社	434	291	251	24	243	6
28	0	222	N	24	ニューにゃべつホテル	480	300	278	27	290	9
28	0	222	B	20	にゃべつかふぇ★増設済（改良）	480	290	191	21	414	1
28	0	222	V	17	にゃべつのおやど★増設済（延命）	457	300	319	17	180	8
28	0	222	E	19	黄金海岸	285	287	317	23	200	1
28	0	224	G	22	信仰施設	434	291	120	25	125	2
28	0	224	J	20	療術所	457	300	199	27	203	5
28	0	227	B	20	祭器屋	480	296	129	22	240	2
28	0	227	D	16	回復施設★増設済（延命）	480	300	147	26	252	7
28	0	227	V	20	映画館	250	294	244	30	300	5
28	0	227	A	22	温泉	329	300	283	24	175	3
28	0	227	U	22	健康ランド	434	290	325	25	156	3
28	0	227	Q	24	定食屋★増設済（改良）	457	301	163	28	504	7
28	0	231	A	20	アクアリウム・兎	308	293	243	24	260	4
28	0	231	G	16	兎屋料亭★増設済（延命）	434	301	266	20	216	6
28	0	231	R	18	うさぎのおにぎり★増設済（延命）	480	301	163	21	161	6
28	0	231	C	15	うさぎの祠★増設済（延命）	250	291	96	15	126	2
28	0	231	V	19	うさぎ館★増設済（延命）	285	294	274	23	234	9
28	0	231	B	22	旅館★増設済（改良）	250	300	278	26	600	5
28	0	231	T	21	回復施設★増設済（改良）	329	300	147	28	600	6
28	0	231	Q	22	修道院	434	291	249	26	216	5
28	0	231	M	22	博物館	457	294	124	26	203	5
28	0	231	J	24	クリスタルウサギくん	480	291	120	26	130	4
28	0	233	T	22	タピオカのお店	434	301	211	22	220	7
28	0	233	D	23	賭博の歴史記念館	457	294	135	27	243	7
28	0	233	R	17	射的屋台	480	301	310	20	216	1
28	0	233	I	18	仮設医務室	285	300	147	26	208	1
28	0	233	O	21	和風家屋	329	287	460	24	216	4
28	0	233	N	19	毬藻教本尊★増設済（改良）	308	291	169	22	500	4
28	0	233	P	20	毬藻教本部	250	291	275	28	174	1
28	0	234	K	16	べっそう	480	287	460	22	216	1
28	0	234	V	24	へいきこうぼう（じゅうよんごうてん）	457	297	161	27	135	3
28	0	234	T	23	へいきこうぼう（じゅうさんごうてん）	434	297	161	26	130	2
28	0	234	B	22	へいきこうぼう（じゅうにごうてん）	329	297	161	25	125	1
28	0	235	D	21	『電脳競技場』	250	290	131	25	260	5
28	0	235	R	17	『配給施設』	480	301	211	21	250	1
28	0	235	C	25	旅館	480	300	278	26	270	8
28	0	235	G	24	『治療施設』	457	300	199	26	232	6
28	0	235	H	22	『旧式記念館』	329	294	135	23	234	5
28	0	235	E	20	『検診施設』	308	300	237	27	310	4
28	0	237	P	13	ロチェス	329	287	103	17	85	1
28	0	240	L	24	BIG☆蛮	480	289	193	27	135	4
28	0	240	V	18	宇宙記念公園	480	287	247	21	210	2
28	0	240	R	20	麺屋 	308	301	204	22	184	2
28	0	240	B	23	玩具屋ヘローマッキ	329	292	79	25	125	1
28	0	240	H	23	LOAホーマッキ	434	292	79	27	135	2
28	0	242	T	23	付与工房	434	302	98	26	130	2
28	0	242	E	19	アニマルカフェ	285	290	191	21	192	1
28	0	242	U	22	ミザールズブートキャンプ（遊戯）	329	290	276	24	189	3
28	0	242	F	26	健康ランド	480	290	325	30	279	8
28	0	242	G	19	ゲームセンター	480	290	276	22	230	2
28	0	242	B	24	付与工房	457	302	98	27	135	3
28	0	243	M	20	魔器屋	434	292	79	21	105	2
28	0	243	R	20	魔器屋	457	292	79	24	120	3
28	0	243	L	17	魔器屋	329	292	79	21	105	1
28	0	247	Q	20	ストレン病院	250	300	147	27	252	4
28	0	247	M	22	ストレン魔器店	329	292	79	24	120	1
28	0	247	L	23	ストレン魔器店	457	292	79	27	135	3
28	0	247	H	24	ストレン魔器店	480	292	79	27	135	4
28	0	247	K	23	ストレン油田	434	293	751	27	270	7
28	0	247	J	19	ストレン宿屋	285	300	168	23	208	1
28	0	248	C	19	固めるところ	480	302	98	21	105	4
28	0	248	F	15	図書館	285	294	214	18	160	1
28	0	248	T	16	捏ねるところ	434	302	98	20	100	2
28	0	248	A	17	踏むところ	457	302	98	20	100	3
28	0	250	T	20	塔	480	287	316	24	162	5
28	0	250	K	14	礼拝堂★増設済（延命）	308	291	200	24	156	7
28	0	250	K	17	鑑賞施設	434	294	150	20	100	2
28	0	250	F	18	防具屋	457	71	75	21	105	3
28	0	252	V	20	植物園★増設済（延命）	285	293	284	24	208	8
28	0	252	I	22	屋敷	434	287	460	26	174	3
28	0	252	C	21	美術館	250	294	274	22	207	4
28	0	252	K	25	公園	457	287	247	29	198	4
28	0	252	G	20	公園	329	287	247	25	168	2
28	0	252	B	18	遊園地★増設済（改良）	308	290	226	27	434	1
28	0	252	T	24	武器屋	480	286	69	29	145	4
28	0	252	E	14	教会★増設済（延命）	250	291	151	18	180	4
28	0	254	H	24	ほこら	457	291	169	28	210	5
28	0	254	E	22	送電塔	329	287	316	26	189	3
28	0	254	V	25	泡の出る飲み物つくってるところ	480	291	151	29	248	7
28	0	254	Q	20	花★増設済（改良）	285	287	460	30	480	1
28	0	254	L	16	「Do you like hurting other people?」★増設済（延命）	250	286	69	26	224	3
28	0	256	O	19	リラクゼーションサロン『ミスティック・オアシス』★増設済（延命）	285	290	325	23	200	8
28	0	256	C	21	美術館	250	294	274	25	216	3
28	0	256	B	15	セノタフ『　　　』★増設済（延命）	308	294	135	17	171	3
28	0	256	S	21	アミューズメント『ティックリング ザ ドラゴンズ テイル』★増設済（延命）	308	290	226	25	261	10
28	0	256	D	22	遊園地	329	290	226	26	208	4
28	0	256	E	22	水族館	434	293	243	25	189	4
28	0	256	H	24	油田★増設済（延命）	457	293	751	30	297	14
28	0	256	N	23	美術館★増設済（改良）	480	294	274	28	576	8
28	0	258	I	21	休息処微睡館	480	301	155	24	120	4
28	0	258	E	20	銀細工店・ラルジャン	457	84	86	24	120	3
28	0	258	S	17	回復施設クラーレ・クラル	329	300	147	23	115	1
28	0	258	M	20	出張洋服店・ソーイング	434	132	73	24	120	2
28	0	259	H	23	回復の泉《聖女の癒しVer2》	457	300	147	27	248	6
28	0	259	D	18	公園《開拓の庭》	480	287	247	19	171	1
28	0	259	I	20	魔境《異世界園》	329	293	284	25	232	4
28	0	259	E	20	グルメ旅館《ジビエの里》	308	300	278	24	175	1
28	0	259	H	21	油田《子龍の恵み》★増設済（延命）	250	293	751	30	320	12
28	0	259	K	24	菜園《野菜帝国》	434	293	157	28	168	3
28	0	259	D	24	開拓浴場《てんぺすとの湯》	480	300	283	28	203	6
28	0	259	V	20	出汁の香る《野武士食堂3号店》	285	301	163	24	234	2
28	0	260	F	24	歩くんです	457	288	114	24	120	3
28	0	260	U	13	魔導研究所★増設済（延命）	434	293	159	16	200	7
28	0	260	J	17	シナモロ病院	250	300	199	20	230	5
28	0	260	A	24	人参畑	480	293	157	26	156	5
28	0	260	L	21	装飾屋『ツクレール』	308	84	86	25	182	1
28	0	260	L	20	パフェカ	434	301	140	25	156	3
28	0	261	H	20	黒魔術の博物館★増設済（延命）	308	294	124	24	260	11
28	0	261	L	24	黒魔術の合成工房	480	298	139	33	216	5
28	0	261	J	20	黒魔術の城★増設済（延命）	250	287	322	25	208	10
28	0	261	I	21	黒魔術の診療所	329	300	237	25	168	2
28	0	261	U	16	黒魔術の装飾屋★増設済（延命）	434	84	86	25	250	7
28	0	261	F	24	黒魔術の魔器屋	457	292	79	25	125	3
28	0	262	E	21	温泉旅館	457	300	278	24	240	8
28	0	262	D	22	転送装置	480	288	114	23	115	4
28	0	262	I	20	兵器屋★増設済（改良）	434	297	161	24	240	2
28	0	270	M	21	アナクフィシィ	480	300	147	25	125	4
28	0	270	H	22	チェレアーレ	434	301	155	24	120	2
28	0	270	D	20	サンクトゥス	329	300	199	22	156	2
28	0	270	K	16	エレクシオン★増設済（延命）	434	286	69	17	85	2
28	0	271	K	17	教会	480	291	151	17	180	1
28	0	271	O	22	回復施設	434	300	147	30	217	4
28	0	272	T	20	競技場	480	290	131	24	216	7
28	0	272	E	17	教会★増設済（延命）	285	291	151	20	161	7
28	0	272	G	20	動物園★増設済（改良）	308	293	119	24	520	4
28	0	272	I	20	教会★増設済（延命）	250	291	151	24	280	12
28	0	272	J	21	魔器屋	329	292	79	24	120	1
28	0	276	J	15	アイブラック寄生虫館	285	293	159	17	171	2
28	0	276	V	20	軟禁の陶塔	480	287	316	25	189	6
28	0	278	C	21	真夜中の苺狩り★増設済（延命）	250	287	103	22	110	7
28	0	278	D	22	公園★増設済（延命）	329	287	247	24	189	10
28	0	278	A	18	野外ステージ★増設済（延命）	285	287	242	20	140	7
28	0	278	V	13	真夜中の海賊戦★増設済（延命）	480	293	243	14	150	2
28	0	278	R	16	薔薇香る細道★増設済（延命）	329	287	103	18	147	3
28	0	278	U	24	夜霧の城	480	287	322	25	243	8
28	0	278	U	23	公園★増設済（延命）	434	287	247	25	225	13
28	0	278	T	18	夜の庭園★増設済（延命）	480	287	247	19	161	6
28	0	284	K	22	装飾屋	434	84	86	24	120	2
28	0	284	E	20	武器屋	329	286	69	23	115	1
28	0	285	J	24	食堂	480	301	204	28	203	6
28	0	285	C	19	博物館	285	294	124	23	216	1
28	0	285	C	17	屋敷	480	287	460	21	240	1
28	0	285	D	21	遊園地	250	290	226	30	340	5
28	0	286	J	22	ロープ公園	434	287	247	25	261	6
28	0	286	K	25	休息施設	457	301	155	26	130	3
28	0	286	F	21	マゾニーランド	480	609	609	29	145	4
28	0	286	V	17	ロープ売り場★増設済（延命）	434	298	139	18	90	2
28	0	286	E	21	合成工房	329	298	139	25	125	1
28	0	287	V	20	ぷはっとイッパイ	308	301	171	25	200	2
28	0	287	J	22	うんどういぇーい	434	290	131	25	280	7
28	0	287	R	21	かみさまおいでませ	250	291	275	27	280	5
28	0	287	E	24	くだものぽんぽん	480	293	157	28	290	9
28	0	288	R	24	武器屋	480	286	69	26	130	4
28	0	288	L	22	撫子第一博物館	329	294	124	25	175	3
28	0	288	V	16	撫子第一美術館★増設済（延命）	434	294	274	22	132	3
28	0	288	J	21	レストラン『撫子』★増設済（延命）	250	301	268	25	252	11
28	0	299	G	19	競技場★増設済（改良）	480	290	131	21	378	1
28	0	299	O	21	魔法の靴屋	329	288	114	23	115	1
28	0	299	F	20	博物館	285	294	124	24	260	3
28	0	299	U	25	大いなるビーチ	480	287	317	29	261	8
28	0	299	T	20	野外劇場★増設済（改良）	250	294	332	30	544	3
28	0	299	S	23	御札屋さん	457	295	88	27	135	3
28	0	299	Q	23	押印所	434	302	98	25	125	2
28	0	300	C	21	ハイスタンダード療術所	250	300	199	25	174	1
28	0	300	M	25	神殿	480	291	169	29	248	7
28	0	300	J	18	喫茶店★増設済（改良）	480	301	140	22	520	2
28	0	300	D	20	家畜小屋★増設済（改良）	308	300	236	29	660	4
28	0	300	H	17	煌びやか礼拝堂★増設済（延命）	434	291	200	21	147	4
28	0	300	B	22	ルナティック農園	329	293	157	26	224	4
28	0	300	S	23	フルプライス公園パーク	434	287	247	24	234	6
28	0	300	O	22	アルティメット旅館	457	300	278	26	280	8
28	0	301	R	23	武器屋	434	286	69	24	120	2
28	0	301	T	20	診療所★増設済（延命）	250	300	237	30	256	10
28	0	301	D	22	防具屋	480	71	75	26	130	4
28	0	302	J	24	【手作り装飾品あります】	480	84	86	31	224	6
28	0	302	M	21	【衣服修繕します】	329	132	73	25	156	2
28	0	302	H	23	【防具お分けします】	457	71	75	27	135	3
28	0	302	Q	21	【お土産に星の砂いかがですか】	250	287	322	24	162	1
28	0	302	L	23	【防具お分けします】	434	71	75	25	125	2
28	0	303	R	13	熊印の診療所	250	300	237	20	216	4
28	0	303	A	13	祭器屋	329	296	129	23	115	1
28	0	303	D	23	くまさん神社★増設済（改良）	457	291	251	27	420	5
28	0	303	C	16	熊田料亭	434	301	266	24	192	5
28	0	303	H	24	クマダ図書館	480	294	214	27	243	8
28	0	304	D	23	回復施設	457	300	147	23	115	3
28	0	306	I	20	定食屋	250	301	163	25	200	3
28	0	307	E	23	回復施設	457	300	147	27	135	3
28	0	307	C	25	回復施設	480	300	147	27	135	4
28	0	307	D	21	ぽむぽむ	250	300	278	25	261	4
28	0	307	F	23	ぴかぴか	329	300	147	25	125	1
28	0	308	T	21	祭器屋	329	296	129	25	125	1
28	0	308	J	15	聖堂★増設済（延命）	308	291	261	17	133	1
28	0	308	R	23	魔器屋	434	292	79	25	125	2
28	0	308	K	23	護符屋	457	295	88	27	135	3
28	0	308	B	20	再付与工房	285	299	136	29	270	2
28	0	312	A	15	教会★増設済（延命）	329	291	151	19	114	2
28	0	312	J	20	祭器屋	250	296	129	26	270	4
28	0	312	I	16	信仰施設	480	291	120	22	260	1
28	0	312	M	17	宿屋	480	300	168	20	198	1
28	0	312	B	13	旅館★増設済（延命）	250	300	278	14	144	4
28	0	312	S	18	付与工房★増設済（延命）	285	302	98	20	100	5
28	0	312	P	21	食堂	308	301	204	25	250	4
28	0	312	K	22	付与工房	329	302	98	24	120	1
28	0	312	L	24	塔	434	287	316	28	310	7
28	0	312	N	23	病院	480	300	188	23	182	6
28	0	314	Q	16	神殿	457	291	169	18	190	8
28	0	314	P	16	楽器屋	480	289	193	24	168	6
28	0	318	T	23	合成工房	457	298	139	24	120	3
28	0	318	Q	21	合成工房	329	298	139	24	120	1
28	0	318	U	20	回復施設	434	300	147	28	210	4
28	0	320	J	25	蝶の羽屋	480	293	776	28	224	6
28	0	320	V	21	記念館	308	294	135	25	260	4
28	0	320	D	21	蝶の羽屋	329	132	73	25	125	1
28	0	320	G	23	蝶の羽屋	434	300	319	27	168	3
28	0	320	H	24	武器屋	457	286	69	33	222	4
28	0	320	N	19	カラオケボックス	480	290	176	23	234	1
28	0	324	P	22	休息施設	329	301	155	22	110	1
28	0	324	O	22	日陰	480	301	155	26	130	4
28	0	327	J	21	装飾屋	329	84	86	25	125	1
28	0	327	L	24	魔器屋	434	292	79	25	125	2
28	0	327	M	24	魔器屋	457	292	79	28	140	3
28	0	327	H	25	魔器屋	480	292	79	28	140	4
28	0	339	T	24	美食スタジアム	457	301	204	28	300	8
28	0	339	S	24	温泉	480	300	283	28	232	7
28	0	339	A	21	宿屋	250	300	168	25	290	5
28	0	339	C	22	博物館	329	294	124	26	261	5
28	0	341	A	23	装飾屋	457	84	86	26	130	3
28	0	341	F	21	装飾屋	329	84	86	25	125	1
28	0	341	M	20	公園	308	287	247	21	210	4
28	0	341	H	24	装飾屋	480	84	86	27	135	4
28	0	341	B	22	装飾屋	434	84	86	25	125	2
28	0	344	N	20	休息施設	434	301	155	25	125	2
28	0	344	F	22	屋台	457	301	310	28	224	5
28	0	344	M	21	宿屋★増設済（改良）	250	300	168	25	348	1
28	0	344	J	21	兵器屋	329	297	161	25	125	1
28	0	356	H	23	ねこかふぇ	457	290	191	25	250	8
28	0	356	J	20	療術所	250	300	199	21	138	1
28	0	360	B	23	兵器屋	480	297	161	28	140	4
28	0	360	A	24	武器屋	457	286	69	26	130	3
28	0	360	G	22	回復施設	434	300	147	28	224	4
28	0	362	L	23	専門料理店	434	301	268	29	224	4
28	0	362	M	24	回復施設	457	300	147	29	180	4
28	0	362	J	25	記念館	480	294	135	26	216	7
28	0	362	U	20	礼拝堂	308	291	200	23	207	3
28	0	362	R	21	居酒屋	250	301	171	24	225	4
28	0	362	P	21	図書館	329	294	214	25	280	6
28	0	363	P	22	ペンション★増設済（改良）	434	300	319	30	680	7
28	0	363	Q	21	シーサイドホテル「スターパレス」	329	300	240	25	208	4
28	0	363	M	24	旅館	457	300	278	26	261	7
28	0	363	H	25	アニマルカフェ	480	290	191	29	330	9
28	0	363	L	20	名前のない神の教会★増設済（改良）	308	291	151	21	432	3
28	0	363	S	21	名前のない神の神殿	250	291	169	21	144	1
28	0	368	O	19	星柱の祠★増設済（改良）	480	291	261	23	500	2
28	0	368	E	23	ねこのすべて	434	294	214	27	248	5
28	0	368	J	20	星の湯	329	290	325	30	217	3
28	0	368	C	24	Xtreme Threadmatic	457	132	73	31	340	8
28	0	368	T	25	宇宙生物観測所	480	290	191	28	252	8
28	0	369	L	20	黄金原海水浴場	480	287	317	24	234	1
28	0	369	D	20	黄金原水族館★増設済（改良）	250	293	243	24	486	4
28	0	369	C	22	黄金原黄金バナナ農園	329	293	311	25	208	4
28	0	369	K	21	黄金原図書室	285	294	214	22	250	3
28	0	369	A	23	黄金原お米研究所★増設済（改良）	434	293	159	25	522	6
28	0	369	R	24	黄金原図書館	457	294	214	28	280	8
28	0	369	Q	24	黄金原プラネタリウム	480	294	220	28	300	9
28	0	370	U	24	魔王の体液★増設済（延命）	457	290	325	28	186	11
28	0	370	L	17	密造所	285	292	79	21	250	3
28	0	370	K	20	苦悶屋	308	289	193	25	290	4
28	0	370	L	22	魔王信奉所	250	291	151	26	224	3
28	0	370	J	22	魔王の体液カフェ	329	290	191	26	261	5
28	0	370	T	25	エンケファリンブースト	480	300	237	29	224	6
28	0	370	E	22	醸造所	434	293	182	26	130	2
28	0	372	S	21	ヘルベルグ	308	300	168	25	260	4
28	0	372	T	21	ウランダー	250	287	460	25	162	1
28	0	372	E	23	ヘームル	457	609	609	27	135	3
28	0	372	H	25	パールト	480	290	131	29	224	6
28	0	372	C	21	ヘルデゥル	329	609	609	25	125	1
28	0	372	Q	20	アウトワーイエン	285	287	103	26	290	3
28	0	373	H	24	休息施設	480	301	155	26	130	4
28	0	373	L	22	定食屋	434	301	163	25	168	3
28	0	373	U	20	休息施設★増設済（延命）	308	301	155	23	115	6
28	0	373	Q	22	屋台	329	301	310	26	196	3
28	0	374	I	20	病院	250	300	188	24	200	3
28	0	374	L	22	休息施設	434	301	155	25	125	2
28	0	374	Q	16	農園	285	293	157	21	225	2
28	0	374	K	21	散策施設	329	287	103	24	120	1
28	0	374	N	22	魔器屋	457	292	79	26	130	3
28	0	383	A	20	ホーンテッドハウス『パーカー邸』	308	287	460	22	182	1
28	0	383	C	21	整体院『カミーノ』★増設済（改良）	250	300	199	23	500	5
28	0	383	M	24	訓練所	480	609	609	29	145	4
28	0	383	D	22	スイーツビュッフェ『ボッラ』	329	301	211	25	196	3
28	0	383	U	19	サロン『メッザノッテ』	285	301	155	21	200	1
28	0	383	J	22	回復施設『オルガネット』★増設済（延命）	434	300	147	30	256	12
28	0	383	K	25	施療院『ウーヴァ』	457	300	199	26	243	7
28	0	389	S	17	ツリーケイヴ	308	300	319	27	252	3
28	0	389	N	20	付与工房	329	302	98	21	105	1
28	0	389	E	13	ソウルインジェクショナー★増設済（延命）	308	300	278	16	162	3
28	0	389	K	20	クラフトコンサイナー	434	302	98	24	120	2
28	0	389	S	15	オーバースペックオペ★増設済（延命）	434	300	199	19	184	5
28	0	389	D	22	クラックアディースィヴ	457	293	284	28	288	7
28	0	389	F	24	シンプルアドオン	480	84	86	24	120	4
