result_no	generate_no	e_no	pgws_type	pgws_name_id	
14	1	1	1	1
14	1	1	2	2
14	1	1	3	3
14	1	1	4	4
14	1	1	5	5
14	1	1	6	6
14	1	1	7	7
14	1	1	8	8
14	1	2	1	10
14	1	2	2	11
14	1	2	3	12
14	1	2	4	6
14	1	2	5	13
14	1	2	6	5
14	1	2	7	14
14	1	2	8	15
14	1	3	1	17
14	1	3	2	18
14	1	3	3	6
14	1	3	4	4
14	1	3	5	12
14	1	3	6	13
14	1	3	7	19
14	1	3	8	20
14	1	4	1	17
14	1	4	2	1
14	1	4	3	5
14	1	4	4	4
14	1	4	5	3
14	1	4	6	13
14	1	4	7	22
14	1	4	8	23
14	1	5	1	24
14	1	5	2	11
14	1	5	3	3
14	1	5	4	5
14	1	5	5	12
14	1	5	6	25
14	1	5	7	23
14	1	5	8	8
14	1	6	1	26
14	1	6	2	11
14	1	6	3	5
14	1	6	4	27
14	1	6	5	12
14	1	6	6	6
14	1	6	7	22
14	1	6	8	28
14	1	7	1	29
14	1	7	2	17
14	1	7	3	3
14	1	7	4	13
14	1	7	5	12
14	1	7	6	25
14	1	7	7	30
14	1	7	8	15
14	1	8	1	31
14	1	8	2	1
14	1	8	3	13
14	1	8	4	3
14	1	8	5	4
14	1	8	6	25
14	1	8	7	32
14	1	8	8	33
14	1	9	1	26
14	1	9	2	24
14	1	9	3	34
14	1	9	4	27
14	1	9	5	25
14	1	9	6	4
14	1	9	7	35
14	1	9	8	36
14	1	10	1	37
14	1	10	2	38
14	1	10	3	12
14	1	10	4	27
14	1	10	5	6
14	1	10	6	34
14	1	10	7	28
14	1	10	8	39
14	1	11	1	24
14	1	11	2	37
14	1	11	3	27
14	1	11	4	12
14	1	11	5	5
14	1	11	6	4
14	1	11	7	35
14	1	11	8	40
14	1	12	1	42
14	1	12	2	2
14	1	12	3	25
14	1	12	4	12
14	1	12	5	34
14	1	12	6	6
14	1	12	7	43
14	1	12	8	44
14	1	13	1	24
14	1	13	2	11
14	1	13	3	5
14	1	13	4	6
14	1	13	5	4
14	1	13	6	27
14	1	13	7	45
14	1	13	8	44
14	1	14	1	24
14	1	14	2	29
14	1	14	3	6
14	1	14	4	12
14	1	14	5	4
14	1	14	6	5
14	1	14	7	47
14	1	14	8	14
14	1	15	1	48
14	1	15	2	26
14	1	15	3	27
14	1	15	4	12
14	1	15	5	5
14	1	15	6	34
14	1	15	7	14
14	1	15	8	49
14	1	16	1	17
14	1	16	2	31
14	1	16	3	12
14	1	16	4	6
14	1	16	5	4
14	1	16	6	5
14	1	16	7	47
14	1	16	8	23
14	1	17	1	51
14	1	17	2	48
14	1	17	3	13
14	1	17	4	12
14	1	17	5	27
14	1	17	6	6
14	1	17	7	32
14	1	17	8	49
14	1	18	1	37
14	1	18	2	52
14	1	18	3	12
14	1	18	4	5
14	1	18	5	13
14	1	18	6	4
14	1	18	7	36
14	1	18	8	33
14	1	20	1	2
14	1	20	2	10
14	1	20	3	12
14	1	20	4	27
14	1	20	5	25
14	1	20	6	3
14	1	20	7	36
14	1	20	8	30
14	1	21	1	2
14	1	21	2	18
14	1	21	3	13
14	1	21	4	27
14	1	21	5	25
14	1	21	6	3
14	1	21	7	20
14	1	21	8	8
14	1	22	1	26
14	1	22	2	53
14	1	22	3	3
14	1	22	4	4
14	1	22	5	13
14	1	22	6	25
14	1	22	7	7
14	1	22	8	54
14	1	23	1	1
14	1	23	2	37
14	1	23	3	27
14	1	23	4	3
14	1	23	5	5
14	1	23	6	34
14	1	23	7	35
14	1	23	8	7
14	1	24	1	26
14	1	24	2	37
14	1	24	3	27
14	1	24	4	25
14	1	24	5	34
14	1	24	6	4
14	1	24	7	28
14	1	24	8	56
14	1	25	1	11
14	1	25	2	61
14	1	25	3	6
14	1	25	4	13
14	1	25	5	34
14	1	25	6	5
14	1	25	7	39
14	1	25	8	28
14	1	26	1	57
14	1	26	2	2
14	1	26	3	27
14	1	26	4	12
14	1	26	5	13
14	1	26	6	5
14	1	26	7	8
14	1	26	8	14
14	1	27	1	2
14	1	27	2	37
14	1	27	3	12
14	1	27	4	34
14	1	27	5	3
14	1	27	6	13
14	1	27	7	20
14	1	27	8	19
14	1	28	1	48
14	1	28	2	58
14	1	28	3	13
14	1	28	4	3
14	1	28	5	25
14	1	28	6	34
14	1	28	7	8
14	1	28	8	20
14	1	29	1	2
14	1	29	2	59
14	1	29	3	6
14	1	29	4	12
14	1	29	5	5
14	1	29	6	3
14	1	29	7	47
14	1	29	8	20
14	1	30	1	11
14	1	30	2	57
14	1	30	3	6
14	1	30	4	34
14	1	30	5	5
14	1	30	6	12
14	1	30	7	14
14	1	30	8	15
14	1	31	1	10
14	1	31	2	26
14	1	31	3	13
14	1	31	4	5
14	1	31	5	12
14	1	31	6	6
14	1	31	7	32
14	1	31	8	22
14	1	32	1	42
14	1	32	2	11
14	1	32	3	5
14	1	32	4	25
14	1	32	5	34
14	1	32	6	12
14	1	32	7	22
14	1	32	8	33
14	1	33	1	31
14	1	33	2	38
14	1	33	3	13
14	1	33	4	4
14	1	33	5	12
14	1	33	6	6
14	1	33	7	32
14	1	33	8	54
14	1	34	1	52
14	1	34	2	26
14	1	34	3	13
14	1	34	4	27
14	1	34	5	5
14	1	34	6	4
14	1	34	7	33
14	1	34	8	43
14	1	35	1	11
14	1	35	2	18
14	1	35	3	34
14	1	35	4	13
14	1	35	5	25
14	1	35	6	4
14	1	35	7	19
14	1	35	8	30
14	1	36	1	57
14	1	36	2	29
14	1	36	3	6
14	1	36	4	27
14	1	36	5	12
14	1	36	6	3
14	1	36	7	20
14	1	36	8	47
14	1	37	1	29
14	1	37	2	26
14	1	37	3	12
14	1	37	4	25
14	1	37	5	3
14	1	37	6	4
14	1	37	7	39
14	1	37	8	20
14	1	38	1	10
14	1	38	2	57
14	1	38	3	25
14	1	38	4	34
14	1	38	5	3
14	1	38	6	4
14	1	38	7	60
14	1	38	8	20
14	1	39	1	42
14	1	39	2	52
14	1	39	3	5
14	1	39	4	12
14	1	39	5	13
14	1	39	6	6
14	1	39	7	22
14	1	39	8	40
14	1	40	1	24
14	1	40	2	10
14	1	40	3	6
14	1	40	4	12
14	1	40	5	3
14	1	40	6	34
14	1	40	7	14
14	1	40	8	19
14	1	41	1	62
14	1	41	2	11
14	1	41	3	12
14	1	41	4	6
14	1	41	5	13
14	1	41	6	3
14	1	41	7	36
14	1	41	8	47
14	1	42	1	57
14	1	42	2	31
14	1	42	3	3
14	1	42	4	6
14	1	42	5	12
14	1	42	6	4
14	1	42	7	7
14	1	42	8	44
14	1	43	1	29
14	1	43	2	26
14	1	43	3	6
14	1	43	4	3
14	1	43	5	25
14	1	43	6	12
14	1	43	7	44
14	1	43	8	23
14	1	44	1	48
14	1	44	2	38
14	1	44	3	34
14	1	44	4	12
14	1	44	5	27
14	1	44	6	4
14	1	44	7	35
14	1	44	8	30
14	1	45	1	11
14	1	45	2	57
14	1	45	3	12
14	1	45	4	6
14	1	45	5	3
14	1	45	6	4
14	1	45	7	20
14	1	45	8	8
14	1	46	1	17
14	1	46	2	52
14	1	46	3	13
14	1	46	4	5
14	1	46	5	12
14	1	46	6	4
14	1	46	7	32
14	1	46	8	60
14	1	47	1	57
14	1	47	2	48
14	1	47	3	4
14	1	47	4	3
14	1	47	5	25
14	1	47	6	6
14	1	47	7	54
14	1	47	8	7
14	1	48	1	1
14	1	48	2	31
14	1	48	3	13
14	1	48	4	5
14	1	48	5	12
14	1	48	6	6
14	1	48	7	32
14	1	48	8	40
14	1	49	1	52
14	1	49	2	18
14	1	49	3	34
14	1	49	4	27
14	1	49	5	4
14	1	49	6	6
14	1	49	7	20
14	1	49	8	19
14	1	50	1	57
14	1	50	2	24
14	1	50	3	25
14	1	50	4	4
14	1	50	5	34
14	1	50	6	27
14	1	50	7	23
14	1	50	8	45
14	1	51	1	58
14	1	51	2	10
14	1	51	3	12
14	1	51	4	5
14	1	51	5	3
14	1	51	6	4
14	1	51	7	49
14	1	51	8	39
14	1	52	1	38
14	1	52	2	24
14	1	52	3	5
14	1	52	4	4
14	1	52	5	3
14	1	52	6	13
14	1	52	7	8
14	1	52	8	22
14	1	53	1	53
14	1	53	2	38
14	1	53	3	3
14	1	53	4	12
14	1	53	5	6
14	1	53	6	5
14	1	53	7	7
14	1	53	8	56
14	1	54	1	26
14	1	54	2	10
14	1	54	3	6
14	1	54	4	25
14	1	54	5	13
14	1	54	6	12
14	1	54	7	47
14	1	54	8	15
14	1	55	1	37
14	1	55	2	11
14	1	55	3	6
14	1	55	4	12
14	1	55	5	4
14	1	55	6	13
14	1	55	7	14
14	1	55	8	39
14	1	56	1	1
14	1	56	2	24
14	1	56	3	3
14	1	56	4	27
14	1	56	5	34
14	1	56	6	12
14	1	56	7	7
14	1	56	8	45
14	1	57	1	61
14	1	57	2	24
14	1	57	3	27
14	1	57	4	12
14	1	57	5	4
14	1	57	6	25
14	1	57	7	20
14	1	57	8	8
14	1	58	1	52
14	1	58	2	37
14	1	58	3	27
14	1	58	4	4
14	1	58	5	25
14	1	58	6	13
14	1	58	7	35
14	1	58	8	20
14	1	60	1	24
14	1	60	2	11
14	1	60	3	6
14	1	60	4	27
14	1	60	5	3
14	1	60	6	4
14	1	60	7	47
14	1	60	8	28
14	1	61	1	38
14	1	61	2	10
14	1	61	3	4
14	1	61	4	6
14	1	61	5	25
14	1	61	6	13
14	1	61	7	47
14	1	61	8	45
14	1	62	1	17
14	1	62	2	58
14	1	62	3	25
14	1	62	4	12
14	1	62	5	4
14	1	62	6	3
14	1	62	7	43
14	1	62	8	36
14	1	63	1	11
14	1	63	2	10
14	1	63	3	12
14	1	63	4	27
14	1	63	5	4
14	1	63	6	13
14	1	63	7	19
14	1	63	8	36
14	1	64	1	18
14	1	64	2	57
14	1	64	3	5
14	1	64	4	34
14	1	64	5	25
14	1	64	6	6
14	1	64	7	60
14	1	64	8	23
14	1	65	1	17
14	1	65	2	10
14	1	65	3	13
14	1	65	4	4
14	1	65	5	3
14	1	65	6	12
14	1	65	7	32
14	1	65	8	23
14	1	66	1	37
14	1	66	2	42
14	1	66	3	3
14	1	66	4	34
14	1	66	5	4
14	1	66	6	6
14	1	66	7	7
14	1	66	8	39
14	1	67	1	11
14	1	67	2	62
14	1	67	3	13
14	1	67	4	6
14	1	67	5	25
14	1	67	6	3
14	1	67	7	49
14	1	67	8	23
14	1	68	1	61
14	1	68	2	2
14	1	68	3	34
14	1	68	4	25
14	1	68	5	12
14	1	68	6	6
14	1	68	7	35
14	1	68	8	43
14	1	69	1	42
14	1	69	2	51
14	1	69	3	34
14	1	69	4	3
14	1	69	5	6
14	1	69	6	4
14	1	69	7	20
14	1	69	8	19
14	1	70	1	24
14	1	70	2	57
14	1	70	3	34
14	1	70	4	6
14	1	70	5	13
14	1	70	6	5
14	1	70	7	35
14	1	70	8	47
14	1	71	1	58
14	1	71	2	11
14	1	71	3	12
14	1	71	4	27
14	1	71	5	13
14	1	71	6	34
14	1	71	7	39
14	1	71	8	14
14	1	72	1	11
14	1	72	2	17
14	1	72	3	6
14	1	72	4	27
14	1	72	5	13
14	1	72	6	12
14	1	72	7	49
14	1	72	8	35
14	1	73	1	1
14	1	73	2	42
14	1	73	3	5
14	1	73	4	4
14	1	73	5	27
14	1	73	6	25
14	1	73	7	22
14	1	73	8	33
14	1	74	1	58
14	1	74	2	17
14	1	74	3	34
14	1	74	4	6
14	1	74	5	5
14	1	74	6	12
14	1	74	7	39
14	1	74	8	47
14	1	78	1	59
14	1	78	2	2
14	1	78	3	12
14	1	78	4	25
14	1	78	5	27
14	1	78	6	4
14	1	78	7	43
14	1	78	8	36
14	1	79	1	62
14	1	79	2	57
14	1	79	3	12
14	1	79	4	6
14	1	79	5	27
14	1	79	6	34
14	1	79	7	47
14	1	79	8	36
14	1	80	1	10
14	1	80	2	24
14	1	80	3	6
14	1	80	4	12
14	1	80	5	4
14	1	80	6	5
14	1	80	7	47
14	1	80	8	14
14	1	81	1	58
14	1	81	2	38
14	1	81	3	12
14	1	81	4	6
14	1	81	5	4
14	1	81	6	34
14	1	81	7	39
14	1	81	8	8
14	1	82	1	17
14	1	82	2	26
14	1	82	3	6
14	1	82	4	25
14	1	82	5	12
14	1	82	6	27
14	1	82	7	15
14	1	82	8	39
14	1	83	1	42
14	1	83	2	38
14	1	83	3	12
14	1	83	4	27
14	1	83	5	6
14	1	83	6	13
14	1	83	7	36
14	1	83	8	20
14	1	84	1	48
14	1	84	2	58
14	1	84	3	25
14	1	84	4	34
14	1	84	5	5
14	1	84	6	3
14	1	84	7	20
14	1	84	8	8
14	1	85	1	11
14	1	85	2	42
14	1	85	3	27
14	1	85	4	12
14	1	85	5	5
14	1	85	6	6
14	1	85	7	39
14	1	85	8	23
14	1	86	1	11
14	1	86	2	26
14	1	86	3	12
14	1	86	4	6
14	1	86	5	5
14	1	86	6	34
14	1	86	7	47
14	1	86	8	36
14	1	87	1	48
14	1	87	2	59
14	1	87	3	13
14	1	87	4	12
14	1	87	5	3
14	1	87	6	25
14	1	87	7	20
14	1	87	8	30
14	1	88	1	10
14	1	88	2	42
14	1	88	3	5
14	1	88	4	27
14	1	88	5	4
14	1	88	6	6
14	1	88	7	22
14	1	88	8	33
14	1	89	1	17
14	1	89	2	57
14	1	89	3	6
14	1	89	4	4
14	1	89	5	13
14	1	89	6	34
14	1	89	7	15
14	1	89	8	47
14	1	90	1	11
14	1	90	2	17
14	1	90	3	25
14	1	90	4	6
14	1	90	5	12
14	1	90	6	5
14	1	90	7	43
14	1	90	8	15
14	1	92	1	31
14	1	92	2	10
14	1	92	3	3
14	1	92	4	34
14	1	92	5	4
14	1	92	6	12
14	1	92	7	7
14	1	92	8	35
14	1	93	1	61
14	1	93	2	38
14	1	93	3	13
14	1	93	4	27
14	1	93	5	4
14	1	93	6	6
14	1	93	7	60
14	1	93	8	32
14	1	94	1	53
14	1	94	2	24
14	1	94	3	3
14	1	94	4	4
14	1	94	5	6
14	1	94	6	5
14	1	94	7	7
14	1	94	8	54
14	1	95	1	2
14	1	95	2	52
14	1	95	3	12
14	1	95	4	6
14	1	95	5	5
14	1	95	6	13
14	1	95	7	20
14	1	95	8	45
14	1	96	1	37
14	1	96	2	58
14	1	96	3	34
14	1	96	4	12
14	1	96	5	25
14	1	96	6	6
14	1	96	7	35
14	1	96	8	30
14	1	97	1	10
14	1	97	2	37
14	1	97	3	12
14	1	97	4	27
14	1	97	5	34
14	1	97	6	6
14	1	97	7	56
14	1	97	8	44
14	1	98	1	2
14	1	98	2	59
14	1	98	3	12
14	1	98	4	6
14	1	98	5	3
14	1	98	6	4
14	1	98	7	19
14	1	98	8	44
14	1	99	1	10
14	1	99	2	37
14	1	99	3	12
14	1	99	4	6
14	1	99	5	13
14	1	99	6	5
14	1	99	7	36
14	1	99	8	28
14	1	100	1	18
14	1	100	2	24
14	1	100	3	12
14	1	100	4	3
14	1	100	5	13
14	1	100	6	6
14	1	100	7	20
14	1	100	8	8
14	1	103	1	37
14	1	103	2	2
14	1	103	3	12
14	1	103	4	27
14	1	103	5	6
14	1	103	6	25
14	1	103	7	36
14	1	103	8	56
14	1	104	1	52
14	1	104	2	48
14	1	104	3	6
14	1	104	4	12
14	1	104	5	13
14	1	104	6	25
14	1	104	7	49
14	1	104	8	45
14	1	105	1	57
14	1	105	2	11
14	1	105	3	3
14	1	105	4	6
14	1	105	5	5
14	1	105	6	25
14	1	105	7	7
14	1	105	8	44
14	1	106	1	26
14	1	106	2	29
14	1	106	3	25
14	1	106	4	6
14	1	106	5	12
14	1	106	6	34
14	1	106	7	43
14	1	106	8	28
14	1	110	1	57
14	1	110	2	29
14	1	110	3	5
14	1	110	4	13
14	1	110	5	12
14	1	110	6	6
14	1	110	7	22
14	1	110	8	43
14	1	111	1	29
14	1	111	2	52
14	1	111	3	27
14	1	111	4	12
14	1	111	5	4
14	1	111	6	5
14	1	111	7	20
14	1	111	8	19
14	1	112	1	57
14	1	112	2	18
14	1	112	3	6
14	1	112	4	4
14	1	112	5	25
14	1	112	6	5
14	1	112	7	47
14	1	112	8	54
14	1	113	1	26
14	1	113	2	37
14	1	113	3	3
14	1	113	4	6
14	1	113	5	12
14	1	113	6	34
14	1	113	7	47
14	1	113	8	8
14	1	114	1	52
14	1	114	2	10
14	1	114	3	13
14	1	114	4	5
14	1	114	5	25
14	1	114	6	12
14	1	114	7	54
14	1	114	8	8
14	1	117	1	62
14	1	117	2	57
14	1	117	3	6
14	1	117	4	13
14	1	117	5	12
14	1	117	6	3
14	1	117	7	47
14	1	117	8	60
14	1	119	1	1
14	1	119	2	62
14	1	119	3	25
14	1	119	4	4
14	1	119	5	27
14	1	119	6	13
14	1	119	7	20
14	1	119	8	8
14	1	120	1	62
14	1	120	2	17
14	1	120	3	12
14	1	120	4	6
14	1	120	5	25
14	1	120	6	34
14	1	120	7	36
14	1	120	8	35
14	1	122	1	26
14	1	122	2	17
14	1	122	3	5
14	1	122	4	3
14	1	122	5	25
14	1	122	6	12
14	1	122	7	22
14	1	122	8	23
14	1	125	1	42
14	1	125	2	37
14	1	125	3	4
14	1	125	4	13
14	1	125	5	25
14	1	125	6	12
14	1	125	7	32
14	1	125	8	20
14	1	127	1	2
14	1	127	2	37
14	1	127	3	12
14	1	127	4	6
14	1	127	5	3
14	1	127	6	4
14	1	127	7	56
14	1	127	8	20
14	1	128	1	59
14	1	128	2	2
14	1	128	3	25
14	1	128	4	34
14	1	128	5	3
14	1	128	6	6
14	1	128	7	43
14	1	128	8	8
14	1	132	1	57
14	1	132	2	38
14	1	132	3	6
14	1	132	4	25
14	1	132	5	13
14	1	132	6	3
14	1	132	7	47
14	1	132	8	14
14	1	133	1	48
14	1	133	2	29
14	1	133	3	4
14	1	133	4	27
14	1	133	5	13
14	1	133	6	25
14	1	133	7	54
14	1	133	8	35
14	1	136	1	1
14	1	136	2	29
14	1	136	3	13
14	1	136	4	4
14	1	136	5	6
14	1	136	6	12
14	1	136	7	32
14	1	136	8	54
14	1	137	1	11
14	1	137	2	17
14	1	137	3	3
14	1	137	4	4
14	1	137	5	13
14	1	137	6	5
14	1	137	7	45
14	1	137	8	60
14	1	139	1	61
14	1	139	2	26
14	1	139	3	12
14	1	139	4	6
14	1	139	5	34
14	1	139	6	3
14	1	139	7	20
14	1	139	8	8
14	1	140	1	61
14	1	140	2	48
14	1	140	3	27
14	1	140	4	13
14	1	140	5	4
14	1	140	6	5
14	1	140	7	20
14	1	140	8	8
14	1	141	1	2
14	1	141	2	26
14	1	141	3	4
14	1	141	4	5
14	1	141	5	25
14	1	141	6	13
14	1	141	7	45
14	1	141	8	40
14	1	142	1	11
14	1	142	2	24
14	1	142	3	12
14	1	142	4	6
14	1	142	5	25
14	1	142	6	3
14	1	142	7	14
14	1	142	8	20
14	1	143	1	10
14	1	143	2	2
14	1	143	3	3
14	1	143	4	13
14	1	143	5	34
14	1	143	6	27
14	1	143	7	7
14	1	143	8	8
14	1	144	1	11
14	1	144	2	24
14	1	144	3	12
14	1	144	4	27
14	1	144	5	13
14	1	144	6	4
14	1	144	7	20
14	1	144	8	60
14	1	147	1	10
14	1	147	2	24
14	1	147	3	27
14	1	147	4	34
14	1	147	5	4
14	1	147	6	6
14	1	147	7	49
14	1	147	8	28
14	1	149	1	10
14	1	149	2	11
14	1	149	3	6
14	1	149	4	34
14	1	149	5	25
14	1	149	6	12
14	1	149	7	14
14	1	149	8	44
14	1	150	1	10
14	1	150	2	24
14	1	150	3	27
14	1	150	4	12
14	1	150	5	25
14	1	150	6	13
14	1	150	7	35
14	1	150	8	14
14	1	152	1	58
14	1	152	2	48
14	1	152	3	6
14	1	152	4	13
14	1	152	5	12
14	1	152	6	5
14	1	152	7	32
14	1	152	8	20
14	1	154	1	59
14	1	154	2	58
14	1	154	3	12
14	1	154	4	27
14	1	154	5	5
14	1	154	6	13
14	1	154	7	20
14	1	154	8	8
14	1	157	1	29
14	1	157	2	17
14	1	157	3	4
14	1	157	4	6
14	1	157	5	13
14	1	157	6	25
14	1	157	7	54
14	1	157	8	47
14	1	158	1	10
14	1	158	2	59
14	1	158	3	12
14	1	158	4	27
14	1	158	5	13
14	1	158	6	6
14	1	158	7	19
14	1	158	8	33
14	1	159	1	24
14	1	159	2	17
14	1	159	3	4
14	1	159	4	27
14	1	159	5	3
14	1	159	6	13
14	1	159	7	23
14	1	159	8	56
14	1	160	1	37
14	1	160	2	24
14	1	160	3	12
14	1	160	4	6
14	1	160	5	5
14	1	160	6	13
14	1	160	7	36
14	1	160	8	20
14	1	166	1	29
14	1	166	2	52
14	1	166	3	34
14	1	166	4	5
14	1	166	5	25
14	1	166	6	3
14	1	166	7	33
14	1	166	8	45
14	1	168	1	42
14	1	168	2	24
14	1	168	3	27
14	1	168	4	34
14	1	168	5	3
14	1	168	6	4
14	1	168	7	45
14	1	168	8	20
14	1	169	1	2
14	1	169	2	57
14	1	169	3	13
14	1	169	4	34
14	1	169	5	4
14	1	169	6	27
14	1	169	7	8
14	1	169	8	30
14	1	173	1	38
14	1	173	2	57
14	1	173	3	6
14	1	173	4	12
14	1	173	5	25
14	1	173	6	34
14	1	173	7	15
14	1	173	8	47
14	1	174	1	11
14	1	174	2	58
14	1	174	3	6
14	1	174	4	13
14	1	174	5	25
14	1	174	6	34
14	1	174	7	44
14	1	174	8	47
14	1	175	1	37
14	1	175	2	57
14	1	175	3	12
14	1	175	4	27
14	1	175	5	4
14	1	175	6	34
14	1	175	7	36
14	1	175	8	35
14	1	176	1	37
14	1	176	2	42
14	1	176	3	34
14	1	176	4	5
14	1	176	5	12
14	1	176	6	25
14	1	176	7	20
14	1	176	8	8
14	1	177	1	61
14	1	177	2	2
14	1	177	3	25
14	1	177	4	6
14	1	177	5	3
14	1	177	6	13
14	1	177	7	43
14	1	177	8	14
14	1	179	1	29
14	1	179	2	38
14	1	179	3	25
14	1	179	4	3
14	1	179	5	27
14	1	179	6	13
14	1	179	7	8
14	1	179	8	28
14	1	181	1	38
14	1	181	2	57
14	1	181	3	12
14	1	181	4	6
14	1	181	5	4
14	1	181	6	34
14	1	181	7	20
14	1	181	8	30
14	1	183	1	2
14	1	183	2	24
14	1	183	3	12
14	1	183	4	34
14	1	183	5	3
14	1	183	6	27
14	1	183	7	23
14	1	183	8	20
14	1	184	1	24
14	1	184	2	11
14	1	184	3	3
14	1	184	4	13
14	1	184	5	27
14	1	184	6	5
14	1	184	7	7
14	1	184	8	30
14	1	185	1	2
14	1	185	2	59
14	1	185	3	6
14	1	185	4	12
14	1	185	5	4
14	1	185	6	25
14	1	185	7	14
14	1	185	8	15
14	1	187	1	42
14	1	187	2	11
14	1	187	3	12
14	1	187	4	6
14	1	187	5	13
14	1	187	6	34
14	1	187	7	56
14	1	187	8	19
14	1	188	1	42
14	1	188	2	38
14	1	188	3	12
14	1	188	4	27
14	1	188	5	4
14	1	188	6	3
14	1	188	7	14
14	1	188	8	7
14	1	189	1	31
14	1	189	2	37
14	1	189	3	13
14	1	189	4	12
14	1	189	5	4
14	1	189	6	6
14	1	189	7	32
14	1	189	8	36
14	1	190	1	29
14	1	190	2	11
14	1	190	3	12
14	1	190	4	34
14	1	190	5	6
14	1	190	6	3
14	1	190	7	20
14	1	190	8	39
14	1	195	1	31
14	1	195	2	53
14	1	195	3	3
14	1	195	4	12
14	1	195	5	6
14	1	195	6	5
14	1	195	7	7
14	1	195	8	19
14	1	198	1	62
14	1	198	2	42
14	1	198	3	25
14	1	198	4	12
14	1	198	5	4
14	1	198	6	27
14	1	198	7	43
14	1	198	8	36
14	1	199	1	24
14	1	199	2	42
14	1	199	3	3
14	1	199	4	27
14	1	199	5	6
14	1	199	6	12
14	1	199	7	7
14	1	199	8	30
14	1	202	1	26
14	1	202	2	24
14	1	202	3	6
14	1	202	4	4
14	1	202	5	13
14	1	202	6	27
14	1	202	7	30
14	1	202	8	45
14	1	203	1	38
14	1	203	2	52
14	1	203	3	12
14	1	203	4	13
14	1	203	5	6
14	1	203	6	5
14	1	203	7	20
14	1	203	8	56
14	1	204	1	62
14	1	204	2	2
14	1	204	3	25
14	1	204	4	6
14	1	204	5	13
14	1	204	6	12
14	1	204	7	45
14	1	204	8	15
14	1	209	1	59
14	1	209	2	57
14	1	209	3	6
14	1	209	4	3
14	1	209	5	25
14	1	209	6	5
14	1	209	7	33
14	1	209	8	47
14	1	210	1	59
14	1	210	2	31
14	1	210	3	12
14	1	210	4	13
14	1	210	5	6
14	1	210	6	5
14	1	210	7	32
14	1	210	8	39
14	1	211	1	57
14	1	211	2	58
14	1	211	3	6
14	1	211	4	34
14	1	211	5	12
14	1	211	6	25
14	1	211	7	47
14	1	211	8	39
14	1	212	1	52
14	1	212	2	61
14	1	212	3	27
14	1	212	4	12
14	1	212	5	3
14	1	212	6	13
14	1	212	7	40
14	1	212	8	30
14	1	213	1	38
14	1	213	2	57
14	1	213	3	6
14	1	213	4	13
14	1	213	5	12
14	1	213	6	4
14	1	213	7	47
14	1	213	8	39
14	1	215	1	48
14	1	215	2	52
14	1	215	3	5
14	1	215	4	27
14	1	215	5	6
14	1	215	6	12
14	1	215	7	8
14	1	215	8	22
14	1	217	1	2
14	1	217	2	37
14	1	217	3	34
14	1	217	4	6
14	1	217	5	5
14	1	217	6	25
14	1	217	7	35
14	1	217	8	20
14	1	218	1	52
14	1	218	2	1
14	1	218	3	6
14	1	218	4	3
14	1	218	5	12
14	1	218	6	4
14	1	218	7	56
14	1	218	8	44
14	1	219	1	26
14	1	219	2	37
14	1	219	3	34
14	1	219	4	6
14	1	219	5	12
14	1	219	6	3
14	1	219	7	35
14	1	219	8	39
14	1	220	1	17
14	1	220	2	42
14	1	220	3	13
14	1	220	4	6
14	1	220	5	34
14	1	220	6	4
14	1	220	7	32
14	1	220	8	47
14	1	221	1	58
14	1	221	2	10
14	1	221	3	12
14	1	221	4	13
14	1	221	5	4
14	1	221	6	5
14	1	221	7	36
14	1	221	8	49
14	1	222	1	48
14	1	222	2	2
14	1	222	3	13
14	1	222	4	27
14	1	222	5	3
14	1	222	6	25
14	1	222	7	28
14	1	222	8	14
14	1	224	1	48
14	1	224	2	2
14	1	224	3	4
14	1	224	4	3
14	1	224	5	13
14	1	224	6	12
14	1	224	7	54
14	1	224	8	33
14	1	225	1	31
14	1	225	2	17
14	1	225	3	3
14	1	225	4	5
14	1	225	5	27
14	1	225	6	13
14	1	225	7	7
14	1	225	8	22
14	1	227	1	57
14	1	227	2	38
14	1	227	3	13
14	1	227	4	12
14	1	227	5	27
14	1	227	6	4
14	1	227	7	32
14	1	227	8	56
14	1	231	1	52
14	1	231	2	24
14	1	231	3	27
14	1	231	4	34
14	1	231	5	4
14	1	231	6	13
14	1	231	7	8
14	1	231	8	35
14	1	233	1	26
14	1	233	2	38
14	1	233	3	13
14	1	233	4	6
14	1	233	5	4
14	1	233	6	27
14	1	233	7	32
14	1	233	8	23
14	1	234	1	11
14	1	234	2	10
14	1	234	3	12
14	1	234	4	13
14	1	234	5	6
14	1	234	6	25
14	1	234	7	14
14	1	234	8	28
14	1	235	1	10
14	1	235	2	11
14	1	235	3	12
14	1	235	4	6
14	1	235	5	4
14	1	235	6	5
14	1	235	7	14
14	1	235	8	40
14	1	237	1	11
14	1	237	2	52
14	1	237	3	27
14	1	237	4	5
14	1	237	5	34
14	1	237	6	6
14	1	237	7	23
14	1	237	8	14
14	1	238	1	26
14	1	238	2	52
14	1	238	3	34
14	1	238	4	5
14	1	238	5	25
14	1	238	6	12
14	1	238	7	35
14	1	238	8	44
14	1	240	1	24
14	1	240	2	48
14	1	240	3	12
14	1	240	4	27
14	1	240	5	3
14	1	240	6	25
14	1	240	7	36
14	1	240	8	35
14	1	242	1	17
14	1	242	2	52
14	1	242	3	6
14	1	242	4	25
14	1	242	5	4
14	1	242	6	5
14	1	242	7	47
14	1	242	8	15
14	1	243	1	26
14	1	243	2	11
14	1	243	3	25
14	1	243	4	6
14	1	243	5	13
14	1	243	6	5
14	1	243	7	15
14	1	243	8	60
14	1	245	1	10
14	1	245	2	18
14	1	245	3	5
14	1	245	4	25
14	1	245	5	13
14	1	245	6	12
14	1	245	7	40
14	1	245	8	22
14	1	246	1	42
14	1	246	2	2
14	1	246	3	12
14	1	246	4	6
14	1	246	5	4
14	1	246	6	3
14	1	246	7	20
14	1	246	8	14
14	1	247	1	24
14	1	247	2	61
14	1	247	3	25
14	1	247	4	6
14	1	247	5	13
14	1	247	6	34
14	1	247	7	43
14	1	247	8	47
14	1	248	1	10
14	1	248	2	61
14	1	248	3	27
14	1	248	4	3
14	1	248	5	12
14	1	248	6	13
14	1	248	7	44
14	1	248	8	40
14	1	249	1	42
14	1	249	2	57
14	1	249	3	6
14	1	249	4	25
14	1	249	5	12
14	1	249	6	13
14	1	249	7	47
14	1	249	8	43
14	1	250	1	42
14	1	250	2	10
14	1	250	3	13
14	1	250	4	12
14	1	250	5	34
14	1	250	6	5
14	1	250	7	32
14	1	250	8	19
14	1	251	1	11
14	1	251	2	52
14	1	251	3	4
14	1	251	4	13
14	1	251	5	34
14	1	251	6	5
14	1	251	7	54
14	1	251	8	23
14	1	252	1	31
14	1	252	2	38
14	1	252	3	5
14	1	252	4	6
14	1	252	5	4
14	1	252	6	12
14	1	252	7	22
14	1	252	8	23
14	1	253	1	29
14	1	253	2	57
14	1	253	3	12
14	1	253	4	6
14	1	253	5	25
14	1	253	6	4
14	1	253	7	20
14	1	253	8	19
14	1	254	1	2
14	1	254	2	18
14	1	254	3	12
14	1	254	4	6
14	1	254	5	3
14	1	254	6	13
14	1	254	7	14
14	1	254	8	28
14	1	255	1	38
14	1	255	2	52
14	1	255	3	27
14	1	255	4	13
14	1	255	5	25
14	1	255	6	4
14	1	255	7	44
14	1	255	8	49
14	1	256	1	58
14	1	256	2	52
14	1	256	3	4
14	1	256	4	27
14	1	256	5	3
14	1	256	6	13
14	1	256	7	28
14	1	256	8	60
14	1	258	1	2
14	1	258	2	42
14	1	258	3	13
14	1	258	4	25
14	1	258	5	12
14	1	258	6	6
14	1	258	7	32
14	1	258	8	44
14	1	259	1	10
14	1	259	2	42
14	1	259	3	3
14	1	259	4	4
14	1	259	5	6
14	1	259	6	34
14	1	259	7	7
14	1	259	8	8
14	1	260	1	61
14	1	260	2	31
14	1	260	3	12
14	1	260	4	27
14	1	260	5	13
14	1	260	6	4
14	1	260	7	36
14	1	260	8	35
14	1	261	1	24
14	1	261	2	57
14	1	261	3	6
14	1	261	4	34
14	1	261	5	4
14	1	261	6	3
14	1	261	7	47
14	1	261	8	35
14	1	262	1	61
14	1	262	2	57
14	1	262	3	34
14	1	262	4	6
14	1	262	5	27
14	1	262	6	13
14	1	262	7	45
14	1	262	8	33
14	1	265	1	10
14	1	265	2	2
14	1	265	3	4
14	1	265	4	5
14	1	265	5	25
14	1	265	6	34
14	1	265	7	54
14	1	265	8	23
14	1	266	1	26
14	1	266	2	59
14	1	266	3	25
14	1	266	4	5
14	1	266	5	34
14	1	266	6	13
14	1	266	7	43
14	1	266	8	47
14	1	270	1	31
14	1	270	2	52
14	1	270	3	3
14	1	270	4	12
14	1	270	5	5
14	1	270	6	6
14	1	270	7	7
14	1	270	8	20
14	1	271	1	53
14	1	271	2	59
14	1	271	3	3
14	1	271	4	34
14	1	271	5	13
14	1	271	6	25
14	1	271	7	7
14	1	271	8	56
14	1	272	1	26
14	1	272	2	17
14	1	272	3	25
14	1	272	4	12
14	1	272	5	34
14	1	272	6	4
14	1	272	7	43
14	1	272	8	44
14	1	276	1	18
14	1	276	2	51
14	1	276	3	4
14	1	276	4	34
14	1	276	5	27
14	1	276	6	3
14	1	276	7	28
14	1	276	8	15
14	1	277	1	38
14	1	277	2	26
14	1	277	3	4
14	1	277	4	34
14	1	277	5	13
14	1	277	6	25
14	1	277	7	20
14	1	277	8	54
14	1	278	1	38
14	1	278	2	37
14	1	278	3	6
14	1	278	4	3
14	1	278	5	12
14	1	278	6	13
14	1	278	7	20
14	1	278	8	28
14	1	283	1	57
14	1	283	2	53
14	1	283	3	25
14	1	283	4	6
14	1	283	5	3
14	1	283	6	4
14	1	283	7	43
14	1	283	8	47
14	1	284	1	10
14	1	284	2	59
14	1	284	3	27
14	1	284	4	5
14	1	284	5	25
14	1	284	6	13
14	1	284	7	44
14	1	284	8	39
14	1	285	1	37
14	1	285	2	10
14	1	285	3	3
14	1	285	4	4
14	1	285	5	13
14	1	285	6	5
14	1	285	7	7
14	1	285	8	54
14	1	286	1	29
14	1	286	2	38
14	1	286	3	5
14	1	286	4	13
14	1	286	5	3
14	1	286	6	4
14	1	286	7	22
14	1	286	8	8
14	1	287	1	57
14	1	287	2	29
14	1	287	3	6
14	1	287	4	4
14	1	287	5	12
14	1	287	6	13
14	1	287	7	47
14	1	287	8	28
14	1	288	1	18
14	1	288	2	52
14	1	288	3	3
14	1	288	4	27
14	1	288	5	12
14	1	288	6	6
14	1	288	7	7
14	1	288	8	56
14	1	290	1	62
14	1	290	2	48
14	1	290	3	12
14	1	290	4	6
14	1	290	5	3
14	1	290	6	13
14	1	290	7	20
14	1	290	8	8
14	1	296	1	58
14	1	296	2	52
14	1	296	3	13
14	1	296	4	12
14	1	296	5	3
14	1	296	6	5
14	1	296	7	39
14	1	296	8	44
14	1	299	1	24
14	1	299	2	38
14	1	299	3	25
14	1	299	4	27
14	1	299	5	3
14	1	299	6	13
14	1	299	7	40
14	1	299	8	30
14	1	300	1	42
14	1	300	2	2
14	1	300	3	12
14	1	300	4	6
14	1	300	5	4
14	1	300	6	5
14	1	300	7	20
14	1	300	8	8
14	1	301	1	31
14	1	301	2	51
14	1	301	3	3
14	1	301	4	13
14	1	301	5	6
14	1	301	6	5
14	1	301	7	7
14	1	301	8	32
14	1	302	1	11
14	1	302	2	62
14	1	302	3	6
14	1	302	4	34
14	1	302	5	4
14	1	302	6	25
14	1	302	7	56
14	1	302	8	20
14	1	303	1	31
14	1	303	2	17
14	1	303	3	3
14	1	303	4	4
14	1	303	5	27
14	1	303	6	12
14	1	303	7	7
14	1	303	8	54
14	1	304	1	51
14	1	304	2	1
14	1	304	3	12
14	1	304	4	13
14	1	304	5	6
14	1	304	6	4
14	1	304	7	32
14	1	304	8	56
14	1	306	1	59
14	1	306	2	57
14	1	306	3	12
14	1	306	4	6
14	1	306	5	5
14	1	306	6	4
14	1	306	7	20
14	1	306	8	14
14	1	307	1	53
14	1	307	2	59
14	1	307	3	4
14	1	307	4	12
14	1	307	5	13
14	1	307	6	5
14	1	307	7	54
14	1	307	8	60
14	1	308	1	37
14	1	308	2	29
14	1	308	3	12
14	1	308	4	5
14	1	308	5	34
14	1	308	6	4
14	1	308	7	28
14	1	308	8	15
14	1	311	1	11
14	1	311	2	57
14	1	311	3	27
14	1	311	4	34
14	1	311	5	12
14	1	311	6	5
14	1	311	7	35
14	1	311	8	15
14	1	312	1	58
14	1	312	2	48
14	1	312	3	12
14	1	312	4	6
14	1	312	5	4
14	1	312	6	13
14	1	312	7	20
14	1	312	8	8
14	1	313	1	31
14	1	313	2	51
14	1	313	3	3
14	1	313	4	27
14	1	313	5	34
14	1	313	6	6
14	1	313	7	7
14	1	313	8	40
14	1	314	1	24
14	1	314	2	62
14	1	314	3	25
14	1	314	4	27
14	1	314	5	13
14	1	314	6	6
14	1	314	7	43
14	1	314	8	30
14	1	318	1	17
14	1	318	2	53
14	1	318	3	13
14	1	318	4	6
14	1	318	5	5
14	1	318	6	12
14	1	318	7	32
14	1	318	8	23
14	1	320	1	11
14	1	320	2	58
14	1	320	3	12
14	1	320	4	27
14	1	320	5	3
14	1	320	6	13
14	1	320	7	44
14	1	320	8	14
14	1	321	1	62
14	1	321	2	26
14	1	321	3	4
14	1	321	4	6
14	1	321	5	3
14	1	321	6	25
14	1	321	7	15
14	1	321	8	56
14	1	323	1	52
14	1	323	2	38
14	1	323	3	34
14	1	323	4	27
14	1	323	5	3
14	1	323	6	13
14	1	323	7	35
14	1	323	8	44
14	1	324	1	59
14	1	324	2	29
14	1	324	3	34
14	1	324	4	6
14	1	324	5	25
14	1	324	6	12
14	1	324	7	35
14	1	324	8	23
14	1	326	1	61
14	1	326	2	29
14	1	326	3	4
14	1	326	4	6
14	1	326	5	13
14	1	326	6	12
14	1	326	7	47
14	1	326	8	33
14	1	327	1	2
14	1	327	2	42
14	1	327	3	12
14	1	327	4	5
14	1	327	5	4
14	1	327	6	27
14	1	327	7	19
14	1	327	8	20
14	1	328	1	59
14	1	328	2	37
14	1	328	3	12
14	1	328	4	6
14	1	328	5	3
14	1	328	6	4
14	1	328	7	8
14	1	328	8	20
14	1	330	1	2
14	1	330	2	37
14	1	330	3	13
14	1	330	4	34
14	1	330	5	4
14	1	330	6	25
14	1	330	7	8
14	1	330	8	20
14	1	331	1	29
14	1	331	2	52
14	1	331	3	25
14	1	331	4	5
14	1	331	5	12
14	1	331	6	6
14	1	331	7	43
14	1	331	8	22
14	1	333	1	31
14	1	333	2	11
14	1	333	3	3
14	1	333	4	6
14	1	333	5	12
14	1	333	6	25
14	1	333	7	7
14	1	333	8	56
14	1	334	1	48
14	1	334	2	11
14	1	334	3	4
14	1	334	4	6
14	1	334	5	5
14	1	334	6	25
14	1	334	7	54
14	1	334	8	39
14	1	338	1	62
14	1	338	2	17
14	1	338	3	12
14	1	338	4	6
14	1	338	5	3
14	1	338	6	13
14	1	338	7	19
14	1	338	8	47
14	1	339	1	2
14	1	339	2	10
14	1	339	3	13
14	1	339	4	12
14	1	339	5	4
14	1	339	6	25
14	1	339	7	32
14	1	339	8	44
14	1	341	1	42
14	1	341	2	2
14	1	341	3	13
14	1	341	4	12
14	1	341	5	6
14	1	341	6	25
14	1	341	7	56
14	1	341	8	8
14	1	343	1	38
14	1	343	2	37
14	1	343	3	25
14	1	343	4	5
14	1	343	5	6
14	1	343	6	13
14	1	343	7	56
14	1	343	8	15
14	1	344	1	57
14	1	344	2	37
14	1	344	3	6
14	1	344	4	12
14	1	344	5	25
14	1	344	6	3
14	1	344	7	14
14	1	344	8	28
14	1	347	1	57
14	1	347	2	17
14	1	347	3	6
14	1	347	4	25
14	1	347	5	12
14	1	347	6	13
14	1	347	7	47
14	1	347	8	33
14	1	348	1	53
14	1	348	2	62
14	1	348	3	3
14	1	348	4	12
14	1	348	5	6
14	1	348	6	25
14	1	348	7	7
14	1	348	8	19
14	1	352	1	10
14	1	352	2	37
14	1	352	3	3
14	1	352	4	12
14	1	352	5	13
14	1	352	6	6
14	1	352	7	7
14	1	352	8	36
14	1	353	1	53
14	1	353	2	11
14	1	353	3	5
14	1	353	4	3
14	1	353	5	27
14	1	353	6	34
14	1	353	7	22
14	1	353	8	47
14	1	356	1	11
14	1	356	2	58
14	1	356	3	13
14	1	356	4	6
14	1	356	5	4
14	1	356	6	34
14	1	356	7	44
14	1	356	8	28
14	1	359	1	42
14	1	359	2	58
14	1	359	3	5
14	1	359	4	25
14	1	359	5	13
14	1	359	6	34
14	1	359	7	14
14	1	359	8	23
14	1	360	1	31
14	1	360	2	59
14	1	360	3	3
14	1	360	4	4
14	1	360	5	34
14	1	360	6	27
14	1	360	7	7
14	1	360	8	54
14	1	361	1	38
14	1	361	2	57
14	1	361	3	13
14	1	361	4	6
14	1	361	5	25
14	1	361	6	12
14	1	361	7	56
14	1	361	8	8
14	1	362	1	57
14	1	362	2	62
14	1	362	3	13
14	1	362	4	4
14	1	362	5	5
14	1	362	6	12
14	1	362	7	32
14	1	362	8	15
14	1	363	1	26
14	1	363	2	61
14	1	363	3	5
14	1	363	4	27
14	1	363	5	25
14	1	363	6	34
14	1	363	7	23
14	1	363	8	28
14	1	368	1	2
14	1	368	2	31
14	1	368	3	5
14	1	368	4	4
14	1	368	5	3
14	1	368	6	12
14	1	368	7	22
14	1	368	8	54
14	1	369	1	42
14	1	369	2	59
14	1	369	3	6
14	1	369	4	5
14	1	369	5	13
14	1	369	6	4
14	1	369	7	15
14	1	369	8	60
14	1	370	1	42
14	1	370	2	59
14	1	370	3	13
14	1	370	4	25
14	1	370	5	3
14	1	370	6	4
14	1	370	7	8
14	1	370	8	45
14	1	372	1	18
14	1	372	2	52
14	1	372	3	4
14	1	372	4	12
14	1	372	5	5
14	1	372	6	34
14	1	372	7	56
14	1	372	8	19
14	1	373	1	31
14	1	373	2	59
14	1	373	3	13
14	1	373	4	5
14	1	373	5	25
14	1	373	6	6
14	1	373	7	32
14	1	373	8	44
14	1	374	1	10
14	1	374	2	59
14	1	374	3	12
14	1	374	4	13
14	1	374	5	6
14	1	374	6	4
14	1	374	7	20
14	1	374	8	8
14	1	375	1	58
14	1	375	2	52
14	1	375	3	12
14	1	375	4	6
14	1	375	5	25
14	1	375	6	3
14	1	375	7	14
14	1	375	8	28
14	1	379	1	61
14	1	379	2	58
14	1	379	3	25
14	1	379	4	6
14	1	379	5	34
14	1	379	6	13
14	1	379	7	43
14	1	379	8	15
14	1	383	1	48
14	1	383	2	37
14	1	383	3	27
14	1	383	4	12
14	1	383	5	13
14	1	383	6	6
14	1	383	7	30
14	1	383	8	19
14	1	384	1	62
14	1	384	2	42
14	1	384	3	3
14	1	384	4	27
14	1	384	5	5
14	1	384	6	34
14	1	384	7	7
14	1	384	8	19
14	1	389	1	52
14	1	389	2	24
14	1	389	3	13
14	1	389	4	4
14	1	389	5	34
14	1	389	6	6
14	1	389	7	32
14	1	389	8	30
14	1	391	1	31
14	1	391	2	38
14	1	391	3	12
14	1	391	4	6
14	1	391	5	13
14	1	391	6	5
14	1	391	7	19
14	1	391	8	20
