result_no	generate_no	e_no	count_type	party_num	
10	1	1	10	1
10	1	1	11	0
10	1	1	12	2
10	1	1	13	1
10	1	1	20	4
10	1	1	21	3
10	1	1	22	3
10	1	1	23	1
10	1	1	110	21
10	1	1	111	21
10	1	1	112	35
10	1	1	113	10
10	1	1	120	75
10	1	1	121	66
10	1	1	122	45
10	1	1	123	10
10	1	2	10	0
10	1	2	11	0
10	1	2	12	3
10	1	2	13	0
10	1	2	20	3
10	1	2	21	3
10	1	2	22	3
10	1	2	23	0
10	1	2	110	16
10	1	2	111	16
10	1	2	112	15
10	1	2	113	1
10	1	2	120	41
10	1	2	121	32
10	1	2	122	16
10	1	2	123	1
10	1	3	10	1
10	1	3	11	2
10	1	3	12	3
10	1	3	13	0
10	1	3	20	6
10	1	3	21	5
10	1	3	22	3
10	1	3	23	0
10	1	3	110	26
10	1	3	111	26
10	1	3	112	25
10	1	3	113	6
10	1	3	120	60
10	1	3	121	57
10	1	3	122	31
10	1	3	123	6
10	1	4	10	0
10	1	4	11	4
10	1	4	12	7
10	1	4	13	0
10	1	4	20	11
10	1	4	21	11
10	1	4	22	7
10	1	4	23	0
10	1	4	110	56
10	1	4	111	56
10	1	4	112	66
10	1	4	113	27
10	1	4	120	163
10	1	4	121	149
10	1	4	122	93
10	1	4	123	27
10	1	5	10	0
10	1	5	11	1
10	1	5	12	0
10	1	5	13	0
10	1	5	20	1
10	1	5	21	1
10	1	5	22	0
10	1	5	23	0
10	1	5	110	7
10	1	5	111	7
10	1	5	112	5
10	1	5	113	2
10	1	5	120	16
10	1	5	121	14
10	1	5	122	7
10	1	5	123	2
10	1	6	10	0
10	1	6	11	1
10	1	6	12	1
10	1	6	13	0
10	1	6	20	2
10	1	6	21	2
10	1	6	22	1
10	1	6	23	0
10	1	6	110	14
10	1	6	111	14
10	1	6	112	6
10	1	6	113	1
10	1	6	120	24
10	1	6	121	21
10	1	6	122	7
10	1	6	123	1
10	1	7	10	1
10	1	7	11	5
10	1	7	12	1
10	1	7	13	1
10	1	7	20	8
10	1	7	21	7
10	1	7	22	2
10	1	7	23	1
10	1	7	110	30
10	1	7	111	30
10	1	7	112	22
10	1	7	113	7
10	1	7	120	69
10	1	7	121	59
10	1	7	122	29
10	1	7	123	7
10	1	8	10	0
10	1	8	11	1
10	1	8	12	0
10	1	8	13	1
10	1	8	20	2
10	1	8	21	2
10	1	8	22	1
10	1	8	23	1
10	1	8	110	4
10	1	8	111	4
10	1	8	112	5
10	1	8	113	4
10	1	8	120	15
10	1	8	121	13
10	1	8	122	9
10	1	8	123	4
10	1	9	10	1
10	1	9	11	1
10	1	9	12	0
10	1	9	13	0
10	1	9	20	2
10	1	9	21	1
10	1	9	22	0
10	1	9	23	0
10	1	9	110	20
10	1	9	111	20
10	1	9	112	8
10	1	9	113	1
10	1	9	120	31
10	1	9	121	29
10	1	9	122	9
10	1	9	123	1
10	1	10	10	3
10	1	10	11	1
10	1	10	12	0
10	1	10	13	0
10	1	10	20	4
10	1	10	21	1
10	1	10	22	0
10	1	10	23	0
10	1	10	110	30
10	1	10	111	30
10	1	10	112	24
10	1	10	113	11
10	1	10	120	74
10	1	10	121	65
10	1	10	122	35
10	1	10	123	11
10	1	11	10	0
10	1	11	11	1
10	1	11	12	1
10	1	11	13	0
10	1	11	20	2
10	1	11	21	2
10	1	11	22	1
10	1	11	23	0
10	1	11	110	16
10	1	11	111	16
10	1	11	112	22
10	1	11	113	5
10	1	11	120	43
10	1	11	121	43
10	1	11	122	27
10	1	11	123	5
10	1	12	10	1
10	1	12	11	0
10	1	12	12	1
10	1	12	13	0
10	1	12	20	2
10	1	12	21	1
10	1	12	22	1
10	1	12	23	0
10	1	12	110	5
10	1	12	111	5
10	1	12	112	2
10	1	12	113	0
10	1	12	120	14
10	1	12	121	7
10	1	12	122	2
10	1	12	123	0
10	1	13	10	1
10	1	13	11	2
10	1	13	12	9
10	1	13	13	7
10	1	13	20	19
10	1	13	21	18
10	1	13	22	16
10	1	13	23	7
10	1	13	110	10
10	1	13	111	10
10	1	13	112	50
10	1	13	113	37
10	1	13	120	99
10	1	13	121	97
10	1	13	122	87
10	1	13	123	37
10	1	14	10	2
10	1	14	11	7
10	1	14	12	6
10	1	14	13	1
10	1	14	20	16
10	1	14	21	14
10	1	14	22	7
10	1	14	23	1
10	1	14	110	39
10	1	14	111	39
10	1	14	112	68
10	1	14	113	31
10	1	14	120	145
10	1	14	121	138
10	1	14	122	99
10	1	14	123	31
10	1	15	10	1
10	1	15	11	3
10	1	15	12	1
10	1	15	13	0
10	1	15	20	5
10	1	15	21	4
10	1	15	22	1
10	1	15	23	0
10	1	15	110	35
10	1	15	111	35
10	1	15	112	21
10	1	15	113	3
10	1	15	120	76
10	1	15	121	59
10	1	15	122	24
10	1	15	123	3
10	1	16	10	0
10	1	16	11	0
10	1	16	12	2
10	1	16	13	0
10	1	16	20	2
10	1	16	21	2
10	1	16	22	2
10	1	16	23	0
10	1	16	110	27
10	1	16	111	27
10	1	16	112	33
10	1	16	113	8
10	1	16	120	71
10	1	16	121	68
10	1	16	122	41
10	1	16	123	8
10	1	17	10	0
10	1	17	11	3
10	1	17	12	0
10	1	17	13	0
10	1	17	20	3
10	1	17	21	3
10	1	17	22	0
10	1	17	23	0
10	1	17	110	14
10	1	17	111	14
10	1	17	112	19
10	1	17	113	3
10	1	17	120	37
10	1	17	121	36
10	1	17	122	22
10	1	17	123	3
10	1	18	10	1
10	1	18	11	3
10	1	18	12	2
10	1	18	13	4
10	1	18	20	10
10	1	18	21	9
10	1	18	22	6
10	1	18	23	4
10	1	18	110	28
10	1	18	111	28
10	1	18	112	19
10	1	18	113	13
10	1	18	120	65
10	1	18	121	60
10	1	18	122	32
10	1	18	123	13
10	1	19	110	2
10	1	19	111	2
10	1	19	112	0
10	1	19	113	0
10	1	19	120	4
10	1	19	121	2
10	1	19	122	0
10	1	19	123	0
10	1	20	10	0
10	1	20	11	1
10	1	20	12	2
10	1	20	13	1
10	1	20	20	4
10	1	20	21	4
10	1	20	22	3
10	1	20	23	1
10	1	20	110	16
10	1	20	111	16
10	1	20	112	27
10	1	20	113	13
10	1	20	120	57
10	1	20	121	56
10	1	20	122	40
10	1	20	123	13
10	1	21	110	0
10	1	21	111	0
10	1	21	112	1
10	1	21	113	0
10	1	21	120	1
10	1	21	121	1
10	1	21	122	1
10	1	21	123	0
10	1	22	10	1
10	1	22	11	3
10	1	22	12	4
10	1	22	13	0
10	1	22	20	8
10	1	22	21	7
10	1	22	22	4
10	1	22	23	0
10	1	22	110	20
10	1	22	111	20
10	1	22	112	28
10	1	22	113	8
10	1	22	120	60
10	1	22	121	56
10	1	22	122	36
10	1	22	123	8
10	1	23	10	0
10	1	23	11	1
10	1	23	12	1
10	1	23	13	1
10	1	23	20	3
10	1	23	21	3
10	1	23	22	2
10	1	23	23	1
10	1	23	110	8
10	1	23	111	8
10	1	23	112	18
10	1	23	113	11
10	1	23	120	42
10	1	23	121	37
10	1	23	122	29
10	1	23	123	11
10	1	24	10	0
10	1	24	11	1
10	1	24	12	2
10	1	24	13	0
10	1	24	20	3
10	1	24	21	3
10	1	24	22	2
10	1	24	23	0
10	1	24	110	24
10	1	24	111	24
10	1	24	112	24
10	1	24	113	5
10	1	24	120	55
10	1	24	121	53
10	1	24	122	29
10	1	24	123	5
10	1	26	10	1
10	1	26	11	2
10	1	26	12	1
10	1	26	13	0
10	1	26	20	4
10	1	26	21	3
10	1	26	22	1
10	1	26	23	0
10	1	26	110	30
10	1	26	111	30
10	1	26	112	25
10	1	26	113	7
10	1	26	120	77
10	1	26	121	62
10	1	26	122	32
10	1	26	123	7
10	1	27	110	2
10	1	27	111	2
10	1	27	112	3
10	1	27	113	1
10	1	27	120	7
10	1	27	121	6
10	1	27	122	4
10	1	27	123	1
10	1	28	10	0
10	1	28	11	2
10	1	28	12	0
10	1	28	13	0
10	1	28	20	2
10	1	28	21	2
10	1	28	22	0
10	1	28	23	0
10	1	28	110	31
10	1	28	111	31
10	1	28	112	29
10	1	28	113	3
10	1	28	120	70
10	1	28	121	63
10	1	28	122	32
10	1	28	123	3
10	1	29	10	0
10	1	29	11	1
10	1	29	12	0
10	1	29	13	0
10	1	29	20	1
10	1	29	21	1
10	1	29	22	0
10	1	29	23	0
10	1	29	110	7
10	1	29	111	7
10	1	29	112	2
10	1	29	113	0
10	1	29	120	21
10	1	29	121	9
10	1	29	122	2
10	1	29	123	0
10	1	30	10	1
10	1	30	11	3
10	1	30	12	1
10	1	30	13	0
10	1	30	20	5
10	1	30	21	4
10	1	30	22	1
10	1	30	23	0
10	1	30	110	13
10	1	30	111	13
10	1	30	112	5
10	1	30	113	3
10	1	30	120	27
10	1	30	121	21
10	1	30	122	8
10	1	30	123	3
10	1	31	10	0
10	1	31	11	1
10	1	31	12	1
10	1	31	13	1
10	1	31	20	3
10	1	31	21	3
10	1	31	22	2
10	1	31	23	1
10	1	31	110	16
10	1	31	111	16
10	1	31	112	24
10	1	31	113	9
10	1	31	120	49
10	1	31	121	49
10	1	31	122	33
10	1	31	123	9
10	1	32	10	0
10	1	32	11	1
10	1	32	12	4
10	1	32	13	0
10	1	32	20	5
10	1	32	21	5
10	1	32	22	4
10	1	32	23	0
10	1	32	110	25
10	1	32	111	25
10	1	32	112	38
10	1	32	113	18
10	1	32	120	83
10	1	32	121	81
10	1	32	122	56
10	1	32	123	18
10	1	33	110	2
10	1	33	111	2
10	1	33	112	3
10	1	33	113	3
10	1	33	120	10
10	1	33	121	8
10	1	33	122	6
10	1	33	123	3
10	1	34	110	10
10	1	34	111	10
10	1	34	112	3
10	1	34	113	1
10	1	34	120	16
10	1	34	121	14
10	1	34	122	4
10	1	34	123	1
10	1	35	10	0
10	1	35	11	1
10	1	35	12	0
10	1	35	13	0
10	1	35	20	1
10	1	35	21	1
10	1	35	22	0
10	1	35	23	0
10	1	35	110	10
10	1	35	111	10
10	1	35	112	10
10	1	35	113	1
10	1	35	120	22
10	1	35	121	21
10	1	35	122	11
10	1	35	123	1
10	1	36	10	0
10	1	36	11	2
10	1	36	12	2
10	1	36	13	0
10	1	36	20	4
10	1	36	21	4
10	1	36	22	2
10	1	36	23	0
10	1	36	110	34
10	1	36	111	34
10	1	36	112	25
10	1	36	113	13
10	1	36	120	80
10	1	36	121	72
10	1	36	122	38
10	1	36	123	13
10	1	37	10	0
10	1	37	11	2
10	1	37	12	1
10	1	37	13	0
10	1	37	20	3
10	1	37	21	3
10	1	37	22	1
10	1	37	23	0
10	1	37	110	18
10	1	37	111	18
10	1	37	112	14
10	1	37	113	1
10	1	37	120	35
10	1	37	121	33
10	1	37	122	15
10	1	37	123	1
10	1	38	10	2
10	1	38	11	0
10	1	38	12	1
10	1	38	13	0
10	1	38	20	3
10	1	38	21	1
10	1	38	22	1
10	1	38	23	0
10	1	38	110	11
10	1	38	111	11
10	1	38	112	10
10	1	38	113	0
10	1	38	120	26
10	1	38	121	21
10	1	38	122	10
10	1	38	123	0
10	1	39	10	0
10	1	39	11	3
10	1	39	12	0
10	1	39	13	0
10	1	39	20	3
10	1	39	21	3
10	1	39	22	0
10	1	39	23	0
10	1	39	110	19
10	1	39	111	19
10	1	39	112	6
10	1	39	113	2
10	1	39	120	39
10	1	39	121	27
10	1	39	122	8
10	1	39	123	2
10	1	40	10	1
10	1	40	11	0
10	1	40	12	0
10	1	40	13	0
10	1	40	20	1
10	1	40	21	0
10	1	40	22	0
10	1	40	23	0
10	1	40	110	7
10	1	40	111	7
10	1	40	112	5
10	1	40	113	1
10	1	40	120	19
10	1	40	121	13
10	1	40	122	6
10	1	40	123	1
10	1	41	110	4
10	1	41	111	4
10	1	41	112	0
10	1	41	113	0
10	1	41	120	7
10	1	41	121	4
10	1	41	122	0
10	1	41	123	0
10	1	42	10	1
10	1	42	11	6
10	1	42	12	15
10	1	42	13	7
10	1	42	20	29
10	1	42	21	28
10	1	42	22	22
10	1	42	23	7
10	1	42	110	42
10	1	42	111	42
10	1	42	112	68
10	1	42	113	45
10	1	42	120	159
10	1	42	121	155
10	1	42	122	113
10	1	42	123	45
10	1	43	10	1
10	1	43	11	0
10	1	43	12	1
10	1	43	13	0
10	1	43	20	2
10	1	43	21	1
10	1	43	22	1
10	1	43	23	0
10	1	43	110	9
10	1	43	111	9
10	1	43	112	12
10	1	43	113	5
10	1	43	120	35
10	1	43	121	26
10	1	43	122	17
10	1	43	123	5
10	1	44	10	3
10	1	44	11	9
10	1	44	12	11
10	1	44	13	3
10	1	44	20	26
10	1	44	21	23
10	1	44	22	14
10	1	44	23	3
10	1	44	110	70
10	1	44	111	70
10	1	44	112	107
10	1	44	113	39
10	1	44	120	228
10	1	44	121	216
10	1	44	122	146
10	1	44	123	39
10	1	45	10	0
10	1	45	11	5
10	1	45	12	5
10	1	45	13	2
10	1	45	20	12
10	1	45	21	12
10	1	45	22	7
10	1	45	23	2
10	1	45	110	49
10	1	45	111	49
10	1	45	112	60
10	1	45	113	25
10	1	45	120	140
10	1	45	121	134
10	1	45	122	85
10	1	45	123	25
10	1	46	10	1
10	1	46	11	3
10	1	46	12	0
10	1	46	13	0
10	1	46	20	4
10	1	46	21	3
10	1	46	22	0
10	1	46	23	0
10	1	46	110	33
10	1	46	111	33
10	1	46	112	21
10	1	46	113	4
10	1	46	120	64
10	1	46	121	58
10	1	46	122	25
10	1	46	123	4
10	1	47	10	0
10	1	47	11	1
10	1	47	12	0
10	1	47	13	0
10	1	47	20	1
10	1	47	21	1
10	1	47	22	0
10	1	47	23	0
10	1	47	110	4
10	1	47	111	4
10	1	47	112	1
10	1	47	113	1
10	1	47	120	8
10	1	47	121	6
10	1	47	122	2
10	1	47	123	1
10	1	48	10	0
10	1	48	11	1
10	1	48	12	1
10	1	48	13	0
10	1	48	20	2
10	1	48	21	2
10	1	48	22	1
10	1	48	23	0
10	1	48	110	27
10	1	48	111	27
10	1	48	112	24
10	1	48	113	13
10	1	48	120	65
10	1	48	121	64
10	1	48	122	37
10	1	48	123	13
10	1	49	10	1
10	1	49	11	1
10	1	49	12	0
10	1	49	13	1
10	1	49	20	3
10	1	49	21	2
10	1	49	22	1
10	1	49	23	1
10	1	49	110	7
10	1	49	111	7
10	1	49	112	11
10	1	49	113	4
10	1	49	120	24
10	1	49	121	22
10	1	49	122	15
10	1	49	123	4
10	1	50	10	0
10	1	50	11	1
10	1	50	12	2
10	1	50	13	0
10	1	50	20	3
10	1	50	21	3
10	1	50	22	2
10	1	50	23	0
10	1	50	110	5
10	1	50	111	5
10	1	50	112	7
10	1	50	113	0
10	1	50	120	17
10	1	50	121	12
10	1	50	122	7
10	1	50	123	0
10	1	51	10	0
10	1	51	11	1
10	1	51	12	1
10	1	51	13	0
10	1	51	20	2
10	1	51	21	2
10	1	51	22	1
10	1	51	23	0
10	1	51	110	18
10	1	51	111	18
10	1	51	112	11
10	1	51	113	5
10	1	51	120	39
10	1	51	121	34
10	1	51	122	16
10	1	51	123	5
10	1	52	10	0
10	1	52	11	0
10	1	52	12	0
10	1	52	13	1
10	1	52	20	1
10	1	52	21	1
10	1	52	22	1
10	1	52	23	1
10	1	52	110	2
10	1	52	111	2
10	1	52	112	6
10	1	52	113	3
10	1	52	120	12
10	1	52	121	11
10	1	52	122	9
10	1	52	123	3
10	1	53	10	0
10	1	53	11	0
10	1	53	12	2
10	1	53	13	1
10	1	53	20	3
10	1	53	21	3
10	1	53	22	3
10	1	53	23	1
10	1	53	110	21
10	1	53	111	21
10	1	53	112	27
10	1	53	113	6
10	1	53	120	57
10	1	53	121	54
10	1	53	122	33
10	1	53	123	6
10	1	54	110	4
10	1	54	111	4
10	1	54	112	5
10	1	54	113	0
10	1	54	120	11
10	1	54	121	9
10	1	54	122	5
10	1	54	123	0
10	1	55	10	2
10	1	55	11	2
10	1	55	12	0
10	1	55	13	0
10	1	55	20	4
10	1	55	21	2
10	1	55	22	0
10	1	55	23	0
10	1	55	110	25
10	1	55	111	25
10	1	55	112	19
10	1	55	113	7
10	1	55	120	59
10	1	55	121	51
10	1	55	122	26
10	1	55	123	7
10	1	56	10	0
10	1	56	11	2
10	1	56	12	1
10	1	56	13	0
10	1	56	20	3
10	1	56	21	3
10	1	56	22	1
10	1	56	23	0
10	1	56	110	16
10	1	56	111	16
10	1	56	112	19
10	1	56	113	2
10	1	56	120	39
10	1	56	121	37
10	1	56	122	21
10	1	56	123	2
10	1	57	10	0
10	1	57	11	1
10	1	57	12	1
10	1	57	13	1
10	1	57	20	3
10	1	57	21	3
10	1	57	22	2
10	1	57	23	1
10	1	57	110	15
10	1	57	111	15
10	1	57	112	17
10	1	57	113	2
10	1	57	120	43
10	1	57	121	34
10	1	57	122	19
10	1	57	123	2
10	1	58	10	1
10	1	58	11	0
10	1	58	12	1
10	1	58	13	0
10	1	58	20	2
10	1	58	21	1
10	1	58	22	1
10	1	58	23	0
10	1	58	110	11
10	1	58	111	11
10	1	58	112	8
10	1	58	113	3
10	1	58	120	28
10	1	58	121	22
10	1	58	122	11
10	1	58	123	3
10	1	59	110	6
10	1	59	111	6
10	1	59	112	3
10	1	59	113	1
10	1	59	120	15
10	1	59	121	10
10	1	59	122	4
10	1	59	123	1
10	1	60	10	1
10	1	60	11	1
10	1	60	12	0
10	1	60	13	0
10	1	60	20	2
10	1	60	21	1
10	1	60	22	0
10	1	60	23	0
10	1	60	110	7
10	1	60	111	7
10	1	60	112	11
10	1	60	113	4
10	1	60	120	26
10	1	60	121	22
10	1	60	122	15
10	1	60	123	4
10	1	61	10	0
10	1	61	11	1
10	1	61	12	1
10	1	61	13	0
10	1	61	20	2
10	1	61	21	2
10	1	61	22	1
10	1	61	23	0
10	1	61	110	30
10	1	61	111	30
10	1	61	112	22
10	1	61	113	3
10	1	61	120	58
10	1	61	121	55
10	1	61	122	25
10	1	61	123	3
10	1	62	10	1
10	1	62	11	2
10	1	62	12	0
10	1	62	13	0
10	1	62	20	3
10	1	62	21	2
10	1	62	22	0
10	1	62	23	0
10	1	62	110	11
10	1	62	111	11
10	1	62	112	8
10	1	62	113	3
10	1	62	120	26
10	1	62	121	22
10	1	62	122	11
10	1	62	123	3
10	1	63	10	0
10	1	63	11	0
10	1	63	12	1
10	1	63	13	0
10	1	63	20	1
10	1	63	21	1
10	1	63	22	1
10	1	63	23	0
10	1	63	110	7
10	1	63	111	7
10	1	63	112	4
10	1	63	113	0
10	1	63	120	15
10	1	63	121	11
10	1	63	122	4
10	1	63	123	0
10	1	64	10	2
10	1	64	11	2
10	1	64	12	2
10	1	64	13	0
10	1	64	20	6
10	1	64	21	4
10	1	64	22	2
10	1	64	23	0
10	1	64	110	29
10	1	64	111	29
10	1	64	112	31
10	1	64	113	10
10	1	64	120	78
10	1	64	121	70
10	1	64	122	41
10	1	64	123	10
10	1	65	10	1
10	1	65	11	1
10	1	65	12	0
10	1	65	13	0
10	1	65	20	2
10	1	65	21	1
10	1	65	22	0
10	1	65	23	0
10	1	65	110	15
10	1	65	111	15
10	1	65	112	8
10	1	65	113	0
10	1	65	120	24
10	1	65	121	23
10	1	65	122	8
10	1	65	123	0
10	1	66	10	1
10	1	66	11	2
10	1	66	12	2
10	1	66	13	0
10	1	66	20	5
10	1	66	21	4
10	1	66	22	2
10	1	66	23	0
10	1	66	110	23
10	1	66	111	23
10	1	66	112	11
10	1	66	113	2
10	1	66	120	39
10	1	66	121	36
10	1	66	122	13
10	1	66	123	2
10	1	67	10	0
10	1	67	11	1
10	1	67	12	0
10	1	67	13	0
10	1	67	20	1
10	1	67	21	1
10	1	67	22	0
10	1	67	23	0
10	1	67	110	2
10	1	67	111	2
10	1	67	112	0
10	1	67	113	0
10	1	67	120	3
10	1	67	121	2
10	1	67	122	0
10	1	67	123	0
10	1	68	10	0
10	1	68	11	1
10	1	68	12	0
10	1	68	13	0
10	1	68	20	1
10	1	68	21	1
10	1	68	22	0
10	1	68	23	0
10	1	68	110	6
10	1	68	111	6
10	1	68	112	10
10	1	68	113	2
10	1	68	120	22
10	1	68	121	18
10	1	68	122	12
10	1	68	123	2
10	1	69	10	0
10	1	69	11	2
10	1	69	12	0
10	1	69	13	0
10	1	69	20	2
10	1	69	21	2
10	1	69	22	0
10	1	69	23	0
10	1	69	110	19
10	1	69	111	19
10	1	69	112	5
10	1	69	113	0
10	1	69	120	26
10	1	69	121	24
10	1	69	122	5
10	1	69	123	0
10	1	70	10	0
10	1	70	11	1
10	1	70	12	0
10	1	70	13	0
10	1	70	20	1
10	1	70	21	1
10	1	70	22	0
10	1	70	23	0
10	1	70	110	11
10	1	70	111	11
10	1	70	112	4
10	1	70	113	0
10	1	70	120	16
10	1	70	121	15
10	1	70	122	4
10	1	70	123	0
10	1	71	10	1
10	1	71	11	1
10	1	71	12	0
10	1	71	13	0
10	1	71	20	2
10	1	71	21	1
10	1	71	22	0
10	1	71	23	0
10	1	71	110	10
10	1	71	111	10
10	1	71	112	9
10	1	71	113	1
10	1	71	120	21
10	1	71	121	20
10	1	71	122	10
10	1	71	123	1
10	1	72	10	1
10	1	72	11	0
10	1	72	12	0
10	1	72	13	0
10	1	72	20	1
10	1	72	21	0
10	1	72	22	0
10	1	72	23	0
10	1	72	110	12
10	1	72	111	12
10	1	72	112	4
10	1	72	113	1
10	1	72	120	18
10	1	72	121	17
10	1	72	122	5
10	1	72	123	1
10	1	73	110	5
10	1	73	111	5
10	1	73	112	0
10	1	73	113	0
10	1	73	120	7
10	1	73	121	5
10	1	73	122	0
10	1	73	123	0
10	1	75	110	8
10	1	75	111	8
10	1	75	112	7
10	1	75	113	1
10	1	75	120	16
10	1	75	121	16
10	1	75	122	8
10	1	75	123	1
10	1	76	10	0
10	1	76	11	5
10	1	76	12	7
10	1	76	13	0
10	1	76	20	12
10	1	76	21	12
10	1	76	22	7
10	1	76	23	0
10	1	76	110	55
10	1	76	111	55
10	1	76	112	69
10	1	76	113	15
10	1	76	120	146
10	1	76	121	139
10	1	76	122	84
10	1	76	123	15
10	1	77	110	6
10	1	77	111	6
10	1	77	112	1
10	1	77	113	0
10	1	77	120	8
10	1	77	121	7
10	1	77	122	1
10	1	77	123	0
10	1	78	10	0
10	1	78	11	4
10	1	78	12	7
10	1	78	13	0
10	1	78	20	11
10	1	78	21	11
10	1	78	22	7
10	1	78	23	0
10	1	78	110	36
10	1	78	111	36
10	1	78	112	40
10	1	78	113	13
10	1	78	120	93
10	1	78	121	89
10	1	78	122	53
10	1	78	123	13
10	1	79	110	9
10	1	79	111	9
10	1	79	112	7
10	1	79	113	1
10	1	79	120	21
10	1	79	121	17
10	1	79	122	8
10	1	79	123	1
10	1	80	10	1
10	1	80	11	3
10	1	80	12	2
10	1	80	13	0
10	1	80	20	6
10	1	80	21	5
10	1	80	22	2
10	1	80	23	0
10	1	80	110	19
10	1	80	111	19
10	1	80	112	21
10	1	80	113	7
10	1	80	120	54
10	1	80	121	47
10	1	80	122	28
10	1	80	123	7
10	1	81	10	1
10	1	81	11	6
10	1	81	12	4
10	1	81	13	3
10	1	81	20	14
10	1	81	21	13
10	1	81	22	7
10	1	81	23	3
10	1	81	110	20
10	1	81	111	20
10	1	81	112	35
10	1	81	113	28
10	1	81	120	85
10	1	81	121	83
10	1	81	122	63
10	1	81	123	28
10	1	82	10	1
10	1	82	11	0
10	1	82	12	0
10	1	82	13	0
10	1	82	20	1
10	1	82	21	0
10	1	82	22	0
10	1	82	23	0
10	1	82	110	0
10	1	82	111	0
10	1	82	112	0
10	1	82	113	0
10	1	82	120	3
10	1	82	121	0
10	1	82	122	0
10	1	82	123	0
10	1	83	10	0
10	1	83	11	1
10	1	83	12	0
10	1	83	13	0
10	1	83	20	1
10	1	83	21	1
10	1	83	22	0
10	1	83	23	0
10	1	83	110	3
10	1	83	111	3
10	1	83	112	0
10	1	83	113	1
10	1	83	120	7
10	1	83	121	4
10	1	83	122	1
10	1	83	123	1
10	1	84	10	0
10	1	84	11	2
10	1	84	12	0
10	1	84	13	0
10	1	84	20	2
10	1	84	21	2
10	1	84	22	0
10	1	84	23	0
10	1	84	110	20
10	1	84	111	20
10	1	84	112	11
10	1	84	113	5
10	1	84	120	42
10	1	84	121	36
10	1	84	122	16
10	1	84	123	5
10	1	85	110	1
10	1	85	111	1
10	1	85	112	0
10	1	85	113	0
10	1	85	120	5
10	1	85	121	1
10	1	85	122	0
10	1	85	123	0
10	1	86	10	0
10	1	86	11	0
10	1	86	12	1
10	1	86	13	0
10	1	86	20	1
10	1	86	21	1
10	1	86	22	1
10	1	86	23	0
10	1	86	110	6
10	1	86	111	6
10	1	86	112	5
10	1	86	113	6
10	1	86	120	18
10	1	86	121	17
10	1	86	122	11
10	1	86	123	6
10	1	87	110	0
10	1	87	111	0
10	1	87	112	1
10	1	87	113	0
10	1	87	120	1
10	1	87	121	1
10	1	87	122	1
10	1	87	123	0
10	1	88	110	3
10	1	88	111	3
10	1	88	112	2
10	1	88	113	0
10	1	88	120	7
10	1	88	121	5
10	1	88	122	2
10	1	88	123	0
10	1	89	10	0
10	1	89	11	0
10	1	89	12	2
10	1	89	13	1
10	1	89	20	3
10	1	89	21	3
10	1	89	22	3
10	1	89	23	1
10	1	89	110	13
10	1	89	111	13
10	1	89	112	13
10	1	89	113	3
10	1	89	120	34
10	1	89	121	29
10	1	89	122	16
10	1	89	123	3
10	1	90	10	0
10	1	90	11	1
10	1	90	12	0
10	1	90	13	0
10	1	90	20	1
10	1	90	21	1
10	1	90	22	0
10	1	90	23	0
10	1	90	110	7
10	1	90	111	7
10	1	90	112	7
10	1	90	113	2
10	1	90	120	19
10	1	90	121	16
10	1	90	122	9
10	1	90	123	2
10	1	91	110	19
10	1	91	111	19
10	1	91	112	10
10	1	91	113	1
10	1	91	120	32
10	1	91	121	30
10	1	91	122	11
10	1	91	123	1
10	1	92	110	0
10	1	92	111	0
10	1	92	112	2
10	1	92	113	0
10	1	92	120	2
10	1	92	121	2
10	1	92	122	2
10	1	92	123	0
10	1	93	10	0
10	1	93	11	0
10	1	93	12	1
10	1	93	13	0
10	1	93	20	1
10	1	93	21	1
10	1	93	22	1
10	1	93	23	0
10	1	93	110	7
10	1	93	111	7
10	1	93	112	15
10	1	93	113	0
10	1	93	120	34
10	1	93	121	22
10	1	93	122	15
10	1	93	123	0
10	1	94	110	2
10	1	94	111	2
10	1	94	112	2
10	1	94	113	0
10	1	94	120	6
10	1	94	121	4
10	1	94	122	2
10	1	94	123	0
10	1	95	10	0
10	1	95	11	3
10	1	95	12	3
10	1	95	13	2
10	1	95	20	8
10	1	95	21	8
10	1	95	22	5
10	1	95	23	2
10	1	95	110	33
10	1	95	111	33
10	1	95	112	30
10	1	95	113	12
10	1	95	120	82
10	1	95	121	75
10	1	95	122	42
10	1	95	123	12
10	1	96	10	0
10	1	96	11	2
10	1	96	12	0
10	1	96	13	0
10	1	96	20	2
10	1	96	21	2
10	1	96	22	0
10	1	96	23	0
10	1	96	110	19
10	1	96	111	19
10	1	96	112	9
10	1	96	113	2
10	1	96	120	35
10	1	96	121	30
10	1	96	122	11
10	1	96	123	2
10	1	97	10	2
10	1	97	11	3
10	1	97	12	4
10	1	97	13	1
10	1	97	20	10
10	1	97	21	8
10	1	97	22	5
10	1	97	23	1
10	1	97	110	58
10	1	97	111	58
10	1	97	112	31
10	1	97	113	11
10	1	97	120	117
10	1	97	121	100
10	1	97	122	42
10	1	97	123	11
10	1	98	110	1
10	1	98	111	1
10	1	98	112	0
10	1	98	113	0
10	1	98	120	4
10	1	98	121	1
10	1	98	122	0
10	1	98	123	0
10	1	99	10	0
10	1	99	11	2
10	1	99	12	2
10	1	99	13	2
10	1	99	20	6
10	1	99	21	6
10	1	99	22	4
10	1	99	23	2
10	1	99	110	15
10	1	99	111	15
10	1	99	112	35
10	1	99	113	23
10	1	99	120	76
10	1	99	121	73
10	1	99	122	58
10	1	99	123	23
10	1	100	10	1
10	1	100	11	3
10	1	100	12	1
10	1	100	13	0
10	1	100	20	5
10	1	100	21	4
10	1	100	22	1
10	1	100	23	0
10	1	100	110	46
10	1	100	111	46
10	1	100	112	38
10	1	100	113	9
10	1	100	120	114
10	1	100	121	93
10	1	100	122	47
10	1	100	123	9
10	1	101	110	0
10	1	101	111	0
10	1	101	112	0
10	1	101	113	0
10	1	101	120	1
10	1	101	121	0
10	1	101	122	0
10	1	101	123	0
10	1	102	110	3
10	1	102	111	3
10	1	102	112	1
10	1	102	113	0
10	1	102	120	8
10	1	102	121	4
10	1	102	122	1
10	1	102	123	0
10	1	103	10	0
10	1	103	11	2
10	1	103	12	9
10	1	103	13	9
10	1	103	20	20
10	1	103	21	20
10	1	103	22	18
10	1	103	23	9
10	1	103	110	23
10	1	103	111	23
10	1	103	112	85
10	1	103	113	55
10	1	103	120	165
10	1	103	121	163
10	1	103	122	140
10	1	103	123	55
10	1	104	10	0
10	1	104	11	2
10	1	104	12	0
10	1	104	13	0
10	1	104	20	2
10	1	104	21	2
10	1	104	22	0
10	1	104	23	0
10	1	104	110	28
10	1	104	111	28
10	1	104	112	21
10	1	104	113	12
10	1	104	120	65
10	1	104	121	61
10	1	104	122	33
10	1	104	123	12
10	1	105	10	1
10	1	105	11	2
10	1	105	12	1
10	1	105	13	0
10	1	105	20	4
10	1	105	21	3
10	1	105	22	1
10	1	105	23	0
10	1	105	110	24
10	1	105	111	24
10	1	105	112	12
10	1	105	113	2
10	1	105	120	49
10	1	105	121	38
10	1	105	122	14
10	1	105	123	2
10	1	106	10	0
10	1	106	11	1
10	1	106	12	1
10	1	106	13	0
10	1	106	20	2
10	1	106	21	2
10	1	106	22	1
10	1	106	23	0
10	1	106	110	12
10	1	106	111	12
10	1	106	112	8
10	1	106	113	3
10	1	106	120	26
10	1	106	121	23
10	1	106	122	11
10	1	106	123	3
10	1	107	110	7
10	1	107	111	7
10	1	107	112	5
10	1	107	113	0
10	1	107	120	19
10	1	107	121	12
10	1	107	122	5
10	1	107	123	0
10	1	108	110	8
10	1	108	111	8
10	1	108	112	6
10	1	108	113	1
10	1	108	120	20
10	1	108	121	15
10	1	108	122	7
10	1	108	123	1
10	1	109	110	10
10	1	109	111	10
10	1	109	112	2
10	1	109	113	1
10	1	109	120	17
10	1	109	121	13
10	1	109	122	3
10	1	109	123	1
10	1	110	10	0
10	1	110	11	3
10	1	110	12	0
10	1	110	13	0
10	1	110	20	3
10	1	110	21	3
10	1	110	22	0
10	1	110	23	0
10	1	110	110	21
10	1	110	111	21
10	1	110	112	5
10	1	110	113	1
10	1	110	120	33
10	1	110	121	27
10	1	110	122	6
10	1	110	123	1
10	1	111	10	1
10	1	111	11	0
10	1	111	12	1
10	1	111	13	0
10	1	111	20	2
10	1	111	21	1
10	1	111	22	1
10	1	111	23	0
10	1	111	110	6
10	1	111	111	6
10	1	111	112	5
10	1	111	113	0
10	1	111	120	13
10	1	111	121	11
10	1	111	122	5
10	1	111	123	0
10	1	112	10	0
10	1	112	11	1
10	1	112	12	0
10	1	112	13	0
10	1	112	20	1
10	1	112	21	1
10	1	112	22	0
10	1	112	23	0
10	1	112	110	9
10	1	112	111	9
10	1	112	112	7
10	1	112	113	3
10	1	112	120	20
10	1	112	121	19
10	1	112	122	10
10	1	112	123	3
10	1	113	10	1
10	1	113	11	1
10	1	113	12	2
10	1	113	13	0
10	1	113	20	4
10	1	113	21	3
10	1	113	22	2
10	1	113	23	0
10	1	113	110	14
10	1	113	111	14
10	1	113	112	11
10	1	113	113	0
10	1	113	120	29
10	1	113	121	25
10	1	113	122	11
10	1	113	123	0
10	1	114	10	1
10	1	114	11	0
10	1	114	12	0
10	1	114	13	0
10	1	114	20	1
10	1	114	21	0
10	1	114	22	0
10	1	114	23	0
10	1	114	110	21
10	1	114	111	21
10	1	114	112	11
10	1	114	113	1
10	1	114	120	45
10	1	114	121	33
10	1	114	122	12
10	1	114	123	1
10	1	115	110	2
10	1	115	111	2
10	1	115	112	0
10	1	115	113	0
10	1	115	120	6
10	1	115	121	2
10	1	115	122	0
10	1	115	123	0
10	1	116	110	10
10	1	116	111	10
10	1	116	112	8
10	1	116	113	2
10	1	116	120	21
10	1	116	121	20
10	1	116	122	10
10	1	116	123	2
10	1	117	10	0
10	1	117	11	2
10	1	117	12	1
10	1	117	13	0
10	1	117	20	3
10	1	117	21	3
10	1	117	22	1
10	1	117	23	0
10	1	117	110	23
10	1	117	111	23
10	1	117	112	21
10	1	117	113	8
10	1	117	120	56
10	1	117	121	52
10	1	117	122	29
10	1	117	123	8
10	1	118	110	2
10	1	118	111	2
10	1	118	112	0
10	1	118	113	0
10	1	118	120	3
10	1	118	121	2
10	1	118	122	0
10	1	118	123	0
10	1	119	10	0
10	1	119	11	4
10	1	119	12	4
10	1	119	13	2
10	1	119	20	10
10	1	119	21	10
10	1	119	22	6
10	1	119	23	2
10	1	119	110	49
10	1	119	111	49
10	1	119	112	44
10	1	119	113	9
10	1	119	120	110
10	1	119	121	102
10	1	119	122	53
10	1	119	123	9
10	1	120	110	3
10	1	120	111	3
10	1	120	112	0
10	1	120	113	0
10	1	120	120	6
10	1	120	121	3
10	1	120	122	0
10	1	120	123	0
10	1	121	110	1
10	1	121	111	1
10	1	121	112	0
10	1	121	113	0
10	1	121	120	2
10	1	121	121	1
10	1	121	122	0
10	1	121	123	0
10	1	122	10	0
10	1	122	11	0
10	1	122	12	6
10	1	122	13	0
10	1	122	20	6
10	1	122	21	6
10	1	122	22	6
10	1	122	23	0
10	1	122	110	25
10	1	122	111	25
10	1	122	112	42
10	1	122	113	16
10	1	122	120	87
10	1	122	121	83
10	1	122	122	58
10	1	122	123	16
10	1	123	110	3
10	1	123	111	3
10	1	123	112	4
10	1	123	113	2
10	1	123	120	9
10	1	123	121	9
10	1	123	122	6
10	1	123	123	2
10	1	124	110	18
10	1	124	111	18
10	1	124	112	13
10	1	124	113	4
10	1	124	120	41
10	1	124	121	35
10	1	124	122	17
10	1	124	123	4
10	1	125	10	0
10	1	125	11	3
10	1	125	12	6
10	1	125	13	4
10	1	125	20	13
10	1	125	21	13
10	1	125	22	10
10	1	125	23	4
10	1	125	110	17
10	1	125	111	17
10	1	125	112	20
10	1	125	113	11
10	1	125	120	49
10	1	125	121	48
10	1	125	122	31
10	1	125	123	11
10	1	126	110	6
10	1	126	111	6
10	1	126	112	3
10	1	126	113	0
10	1	126	120	12
10	1	126	121	9
10	1	126	122	3
10	1	126	123	0
10	1	127	10	0
10	1	127	11	1
10	1	127	12	1
10	1	127	13	0
10	1	127	20	2
10	1	127	21	2
10	1	127	22	1
10	1	127	23	0
10	1	127	110	8
10	1	127	111	8
10	1	127	112	21
10	1	127	113	6
10	1	127	120	37
10	1	127	121	35
10	1	127	122	27
10	1	127	123	6
10	1	128	10	0
10	1	128	11	2
10	1	128	12	2
10	1	128	13	4
10	1	128	20	8
10	1	128	21	8
10	1	128	22	6
10	1	128	23	4
10	1	128	110	11
10	1	128	111	11
10	1	128	112	25
10	1	128	113	11
10	1	128	120	47
10	1	128	121	47
10	1	128	122	36
10	1	128	123	11
10	1	129	10	0
10	1	129	11	1
10	1	129	12	0
10	1	129	13	0
10	1	129	20	1
10	1	129	21	1
10	1	129	22	0
10	1	129	23	0
10	1	129	110	3
10	1	129	111	3
10	1	129	112	2
10	1	129	113	0
10	1	129	120	7
10	1	129	121	5
10	1	129	122	2
10	1	129	123	0
10	1	130	10	1
10	1	130	11	0
10	1	130	12	0
10	1	130	13	0
10	1	130	20	1
10	1	130	21	0
10	1	130	22	0
10	1	130	23	0
10	1	130	110	4
10	1	130	111	4
10	1	130	112	1
10	1	130	113	0
10	1	130	120	10
10	1	130	121	5
10	1	130	122	1
10	1	130	123	0
10	1	131	10	1
10	1	131	11	0
10	1	131	12	0
10	1	131	13	0
10	1	131	20	1
10	1	131	21	0
10	1	131	22	0
10	1	131	23	0
10	1	131	110	14
10	1	131	111	14
10	1	131	112	6
10	1	131	113	0
10	1	131	120	24
10	1	131	121	20
10	1	131	122	6
10	1	131	123	0
10	1	132	10	0
10	1	132	11	1
10	1	132	12	0
10	1	132	13	0
10	1	132	20	1
10	1	132	21	1
10	1	132	22	0
10	1	132	23	0
10	1	132	110	4
10	1	132	111	4
10	1	132	112	2
10	1	132	113	0
10	1	132	120	8
10	1	132	121	6
10	1	132	122	2
10	1	132	123	0
10	1	133	10	1
10	1	133	11	2
10	1	133	12	1
10	1	133	13	0
10	1	133	20	4
10	1	133	21	3
10	1	133	22	1
10	1	133	23	0
10	1	133	110	13
10	1	133	111	13
10	1	133	112	10
10	1	133	113	2
10	1	133	120	35
10	1	133	121	25
10	1	133	122	12
10	1	133	123	2
10	1	134	110	18
10	1	134	111	18
10	1	134	112	7
10	1	134	113	2
10	1	134	120	36
10	1	134	121	27
10	1	134	122	9
10	1	134	123	2
10	1	135	110	3
10	1	135	111	3
10	1	135	112	0
10	1	135	113	1
10	1	135	120	4
10	1	135	121	4
10	1	135	122	1
10	1	135	123	1
10	1	136	10	0
10	1	136	11	0
10	1	136	12	2
10	1	136	13	0
10	1	136	20	2
10	1	136	21	2
10	1	136	22	2
10	1	136	23	0
10	1	136	110	9
10	1	136	111	9
10	1	136	112	14
10	1	136	113	1
10	1	136	120	24
10	1	136	121	24
10	1	136	122	15
10	1	136	123	1
10	1	137	10	0
10	1	137	11	0
10	1	137	12	0
10	1	137	13	1
10	1	137	20	1
10	1	137	21	1
10	1	137	22	1
10	1	137	23	1
10	1	137	110	1
10	1	137	111	1
10	1	137	112	1
10	1	137	113	1
10	1	137	120	4
10	1	137	121	3
10	1	137	122	2
10	1	137	123	1
10	1	138	110	0
10	1	138	111	0
10	1	138	112	0
10	1	138	113	0
10	1	138	120	2
10	1	138	121	0
10	1	138	122	0
10	1	138	123	0
10	1	139	10	0
10	1	139	11	1
10	1	139	12	2
10	1	139	13	0
10	1	139	20	3
10	1	139	21	3
10	1	139	22	2
10	1	139	23	0
10	1	139	110	4
10	1	139	111	4
10	1	139	112	10
10	1	139	113	3
10	1	139	120	18
10	1	139	121	17
10	1	139	122	13
10	1	139	123	3
10	1	140	10	1
10	1	140	11	1
10	1	140	12	3
10	1	140	13	0
10	1	140	20	5
10	1	140	21	4
10	1	140	22	3
10	1	140	23	0
10	1	140	110	12
10	1	140	111	12
10	1	140	112	9
10	1	140	113	0
10	1	140	120	28
10	1	140	121	21
10	1	140	122	9
10	1	140	123	0
10	1	141	10	0
10	1	141	11	0
10	1	141	12	0
10	1	141	13	1
10	1	141	20	1
10	1	141	21	1
10	1	141	22	1
10	1	141	23	1
10	1	141	110	1
10	1	141	111	1
10	1	141	112	7
10	1	141	113	6
10	1	141	120	14
10	1	141	121	14
10	1	141	122	13
10	1	141	123	6
10	1	142	10	0
10	1	142	11	0
10	1	142	12	1
10	1	142	13	0
10	1	142	20	1
10	1	142	21	1
10	1	142	22	1
10	1	142	23	0
10	1	142	110	6
10	1	142	111	6
10	1	142	112	10
10	1	142	113	4
10	1	142	120	22
10	1	142	121	20
10	1	142	122	14
10	1	142	123	4
10	1	143	10	1
10	1	143	11	5
10	1	143	12	9
10	1	143	13	0
10	1	143	20	15
10	1	143	21	14
10	1	143	22	9
10	1	143	23	0
10	1	143	110	24
10	1	143	111	24
10	1	143	112	45
10	1	143	113	14
10	1	143	120	93
10	1	143	121	83
10	1	143	122	59
10	1	143	123	14
10	1	144	10	2
10	1	144	11	3
10	1	144	12	1
10	1	144	13	0
10	1	144	20	6
10	1	144	21	4
10	1	144	22	1
10	1	144	23	0
10	1	144	110	22
10	1	144	111	22
10	1	144	112	25
10	1	144	113	6
10	1	144	120	63
10	1	144	121	53
10	1	144	122	31
10	1	144	123	6
10	1	145	110	1
10	1	145	111	1
10	1	145	112	2
10	1	145	113	0
10	1	145	120	3
10	1	145	121	3
10	1	145	122	2
10	1	145	123	0
10	1	146	110	5
10	1	146	111	5
10	1	146	112	4
10	1	146	113	0
10	1	146	120	10
10	1	146	121	9
10	1	146	122	4
10	1	146	123	0
10	1	147	110	14
10	1	147	111	14
10	1	147	112	7
10	1	147	113	1
10	1	147	120	25
10	1	147	121	22
10	1	147	122	8
10	1	147	123	1
10	1	148	110	2
10	1	148	111	2
10	1	148	112	1
10	1	148	113	0
10	1	148	120	5
10	1	148	121	3
10	1	148	122	1
10	1	148	123	0
10	1	149	10	1
10	1	149	11	1
10	1	149	12	1
10	1	149	13	1
10	1	149	20	4
10	1	149	21	3
10	1	149	22	2
10	1	149	23	1
10	1	149	110	10
10	1	149	111	10
10	1	149	112	12
10	1	149	113	7
10	1	149	120	35
10	1	149	121	29
10	1	149	122	19
10	1	149	123	7
10	1	150	10	1
10	1	150	11	0
10	1	150	12	0
10	1	150	13	0
10	1	150	20	1
10	1	150	21	0
10	1	150	22	0
10	1	150	23	0
10	1	150	110	2
10	1	150	111	2
10	1	150	112	2
10	1	150	113	1
10	1	150	120	11
10	1	150	121	5
10	1	150	122	3
10	1	150	123	1
10	1	151	110	1
10	1	151	111	1
10	1	151	112	1
10	1	151	113	0
10	1	151	120	2
10	1	151	121	2
10	1	151	122	1
10	1	151	123	0
10	1	152	10	0
10	1	152	11	1
10	1	152	12	0
10	1	152	13	0
10	1	152	20	1
10	1	152	21	1
10	1	152	22	0
10	1	152	23	0
10	1	152	110	2
10	1	152	111	2
10	1	152	112	0
10	1	152	113	0
10	1	152	120	5
10	1	152	121	2
10	1	152	122	0
10	1	152	123	0
10	1	154	10	1
10	1	154	11	1
10	1	154	12	1
10	1	154	13	0
10	1	154	20	3
10	1	154	21	2
10	1	154	22	1
10	1	154	23	0
10	1	154	110	15
10	1	154	111	15
10	1	154	112	9
10	1	154	113	1
10	1	154	120	37
10	1	154	121	25
10	1	154	122	10
10	1	154	123	1
10	1	155	10	1
10	1	155	11	0
10	1	155	12	0
10	1	155	13	0
10	1	155	20	1
10	1	155	21	0
10	1	155	22	0
10	1	155	23	0
10	1	155	110	8
10	1	155	111	8
10	1	155	112	6
10	1	155	113	0
10	1	155	120	22
10	1	155	121	14
10	1	155	122	6
10	1	155	123	0
10	1	156	10	2
10	1	156	11	0
10	1	156	12	0
10	1	156	13	0
10	1	156	20	2
10	1	156	21	0
10	1	156	22	0
10	1	156	23	0
10	1	156	110	25
10	1	156	111	25
10	1	156	112	18
10	1	156	113	1
10	1	156	120	57
10	1	156	121	44
10	1	156	122	19
10	1	156	123	1
10	1	157	10	0
10	1	157	11	2
10	1	157	12	0
10	1	157	13	0
10	1	157	20	2
10	1	157	21	2
10	1	157	22	0
10	1	157	23	0
10	1	157	110	17
10	1	157	111	17
10	1	157	112	20
10	1	157	113	1
10	1	157	120	40
10	1	157	121	38
10	1	157	122	21
10	1	157	123	1
10	1	158	10	0
10	1	158	11	1
10	1	158	12	0
10	1	158	13	0
10	1	158	20	1
10	1	158	21	1
10	1	158	22	0
10	1	158	23	0
10	1	158	110	14
10	1	158	111	14
10	1	158	112	18
10	1	158	113	1
10	1	158	120	35
10	1	158	121	33
10	1	158	122	19
10	1	158	123	1
10	1	159	10	0
10	1	159	11	1
10	1	159	12	1
10	1	159	13	6
10	1	159	20	8
10	1	159	21	8
10	1	159	22	7
10	1	159	23	6
10	1	159	110	3
10	1	159	111	3
10	1	159	112	13
10	1	159	113	11
10	1	159	120	27
10	1	159	121	27
10	1	159	122	24
10	1	159	123	11
10	1	160	110	7
10	1	160	111	7
10	1	160	112	1
10	1	160	113	0
10	1	160	120	13
10	1	160	121	8
10	1	160	122	1
10	1	160	123	0
10	1	161	10	1
10	1	161	11	0
10	1	161	12	0
10	1	161	13	0
10	1	161	20	1
10	1	161	21	0
10	1	161	22	0
10	1	161	23	0
10	1	161	110	6
10	1	161	111	6
10	1	161	112	0
10	1	161	113	0
10	1	161	120	10
10	1	161	121	6
10	1	161	122	0
10	1	161	123	0
10	1	162	110	1
10	1	162	111	1
10	1	162	112	2
10	1	162	113	1
10	1	162	120	4
10	1	162	121	4
10	1	162	122	3
10	1	162	123	1
10	1	163	110	6
10	1	163	111	6
10	1	163	112	5
10	1	163	113	3
10	1	163	120	15
10	1	163	121	14
10	1	163	122	8
10	1	163	123	3
10	1	164	110	8
10	1	164	111	8
10	1	164	112	3
10	1	164	113	1
10	1	164	120	13
10	1	164	121	12
10	1	164	122	4
10	1	164	123	1
10	1	165	110	0
10	1	165	111	0
10	1	165	112	2
10	1	165	113	1
10	1	165	120	3
10	1	165	121	3
10	1	165	122	3
10	1	165	123	1
10	1	166	10	0
10	1	166	11	0
10	1	166	12	1
10	1	166	13	0
10	1	166	20	1
10	1	166	21	1
10	1	166	22	1
10	1	166	23	0
10	1	166	110	3
10	1	166	111	3
10	1	166	112	3
10	1	166	113	0
10	1	166	120	9
10	1	166	121	6
10	1	166	122	3
10	1	166	123	0
10	1	167	110	6
10	1	167	111	6
10	1	167	112	11
10	1	167	113	4
10	1	167	120	21
10	1	167	121	21
10	1	167	122	15
10	1	167	123	4
10	1	168	10	1
10	1	168	11	0
10	1	168	12	1
10	1	168	13	0
10	1	168	20	2
10	1	168	21	1
10	1	168	22	1
10	1	168	23	0
10	1	168	110	3
10	1	168	111	3
10	1	168	112	1
10	1	168	113	0
10	1	168	120	12
10	1	168	121	4
10	1	168	122	1
10	1	168	123	0
10	1	169	10	1
10	1	169	11	0
10	1	169	12	0
10	1	169	13	0
10	1	169	20	1
10	1	169	21	0
10	1	169	22	0
10	1	169	23	0
10	1	169	110	10
10	1	169	111	10
10	1	169	112	0
10	1	169	113	0
10	1	169	120	13
10	1	169	121	10
10	1	169	122	0
10	1	169	123	0
10	1	172	110	4
10	1	172	111	4
10	1	172	112	0
10	1	172	113	0
10	1	172	120	6
10	1	172	121	4
10	1	172	122	0
10	1	172	123	0
10	1	173	10	0
10	1	173	11	0
10	1	173	12	1
10	1	173	13	0
10	1	173	20	1
10	1	173	21	1
10	1	173	22	1
10	1	173	23	0
10	1	173	110	6
10	1	173	111	6
10	1	173	112	4
10	1	173	113	1
10	1	173	120	11
10	1	173	121	11
10	1	173	122	5
10	1	173	123	1
10	1	175	10	1
10	1	175	11	0
10	1	175	12	0
10	1	175	13	1
10	1	175	20	2
10	1	175	21	1
10	1	175	22	1
10	1	175	23	1
10	1	175	110	11
10	1	175	111	11
10	1	175	112	8
10	1	175	113	3
10	1	175	120	25
10	1	175	121	22
10	1	175	122	11
10	1	175	123	3
10	1	176	10	0
10	1	176	11	0
10	1	176	12	1
10	1	176	13	0
10	1	176	20	1
10	1	176	21	1
10	1	176	22	1
10	1	176	23	0
10	1	176	110	2
10	1	176	111	2
10	1	176	112	7
10	1	176	113	0
10	1	176	120	9
10	1	176	121	9
10	1	176	122	7
10	1	176	123	0
10	1	178	110	3
10	1	178	111	3
10	1	178	112	0
10	1	178	113	1
10	1	178	120	5
10	1	178	121	4
10	1	178	122	1
10	1	178	123	1
10	1	179	10	0
10	1	179	11	0
10	1	179	12	1
10	1	179	13	0
10	1	179	20	1
10	1	179	21	1
10	1	179	22	1
10	1	179	23	0
10	1	179	110	2
10	1	179	111	2
10	1	179	112	7
10	1	179	113	2
10	1	179	120	12
10	1	179	121	11
10	1	179	122	9
10	1	179	123	2
10	1	180	110	4
10	1	180	111	4
10	1	180	112	1
10	1	180	113	0
10	1	180	120	7
10	1	180	121	5
10	1	180	122	1
10	1	180	123	0
10	1	181	10	2
10	1	181	11	0
10	1	181	12	0
10	1	181	13	0
10	1	181	20	2
10	1	181	21	0
10	1	181	22	0
10	1	181	23	0
10	1	181	110	12
10	1	181	111	12
10	1	181	112	0
10	1	181	113	0
10	1	181	120	18
10	1	181	121	12
10	1	181	122	0
10	1	181	123	0
10	1	182	110	0
10	1	182	111	0
10	1	182	112	0
10	1	182	113	0
10	1	182	120	1
10	1	182	121	0
10	1	182	122	0
10	1	182	123	0
10	1	183	10	2
10	1	183	11	0
10	1	183	12	0
10	1	183	13	0
10	1	183	20	2
10	1	183	21	0
10	1	183	22	0
10	1	183	23	0
10	1	183	110	7
10	1	183	111	7
10	1	183	112	2
10	1	183	113	0
10	1	183	120	17
10	1	183	121	9
10	1	183	122	2
10	1	183	123	0
10	1	184	10	0
10	1	184	11	2
10	1	184	12	1
10	1	184	13	0
10	1	184	20	3
10	1	184	21	3
10	1	184	22	1
10	1	184	23	0
10	1	184	110	9
10	1	184	111	9
10	1	184	112	17
10	1	184	113	2
10	1	184	120	28
10	1	184	121	28
10	1	184	122	19
10	1	184	123	2
10	1	185	10	0
10	1	185	11	0
10	1	185	12	0
10	1	185	13	1
10	1	185	20	1
10	1	185	21	1
10	1	185	22	1
10	1	185	23	1
10	1	185	110	6
10	1	185	111	6
10	1	185	112	4
10	1	185	113	1
10	1	185	120	13
10	1	185	121	11
10	1	185	122	5
10	1	185	123	1
10	1	186	110	1
10	1	186	111	1
10	1	186	112	2
10	1	186	113	0
10	1	186	120	3
10	1	186	121	3
10	1	186	122	2
10	1	186	123	0
10	1	187	10	1
10	1	187	11	0
10	1	187	12	0
10	1	187	13	1
10	1	187	20	2
10	1	187	21	1
10	1	187	22	1
10	1	187	23	1
10	1	187	110	8
10	1	187	111	8
10	1	187	112	2
10	1	187	113	3
10	1	187	120	17
10	1	187	121	13
10	1	187	122	5
10	1	187	123	3
10	1	188	10	2
10	1	188	11	1
10	1	188	12	1
10	1	188	13	0
10	1	188	20	4
10	1	188	21	2
10	1	188	22	1
10	1	188	23	0
10	1	188	110	26
10	1	188	111	26
10	1	188	112	23
10	1	188	113	3
10	1	188	120	71
10	1	188	121	52
10	1	188	122	26
10	1	188	123	3
10	1	189	10	1
10	1	189	11	0
10	1	189	12	0
10	1	189	13	0
10	1	189	20	1
10	1	189	21	0
10	1	189	22	0
10	1	189	23	0
10	1	189	110	3
10	1	189	111	3
10	1	189	112	1
10	1	189	113	0
10	1	189	120	9
10	1	189	121	4
10	1	189	122	1
10	1	189	123	0
10	1	190	110	2
10	1	190	111	2
10	1	190	112	0
10	1	190	113	0
10	1	190	120	4
10	1	190	121	2
10	1	190	122	0
10	1	190	123	0
10	1	191	110	4
10	1	191	111	4
10	1	191	112	4
10	1	191	113	1
10	1	191	120	11
10	1	191	121	9
10	1	191	122	5
10	1	191	123	1
10	1	193	110	3
10	1	193	111	3
10	1	193	112	1
10	1	193	113	0
10	1	193	120	10
10	1	193	121	4
10	1	193	122	1
10	1	193	123	0
10	1	194	110	3
10	1	194	111	3
10	1	194	112	4
10	1	194	113	1
10	1	194	120	13
10	1	194	121	8
10	1	194	122	5
10	1	194	123	1
10	1	195	10	0
10	1	195	11	0
10	1	195	12	2
10	1	195	13	0
10	1	195	20	2
10	1	195	21	2
10	1	195	22	2
10	1	195	23	0
10	1	195	110	10
10	1	195	111	10
10	1	195	112	11
10	1	195	113	2
10	1	195	120	25
10	1	195	121	23
10	1	195	122	13
10	1	195	123	2
10	1	197	110	0
10	1	197	111	0
10	1	197	112	2
10	1	197	113	0
10	1	197	120	7
10	1	197	121	2
10	1	197	122	2
10	1	197	123	0
10	1	198	10	0
10	1	198	11	0
10	1	198	12	1
10	1	198	13	0
10	1	198	20	1
10	1	198	21	1
10	1	198	22	1
10	1	198	23	0
10	1	198	110	3
10	1	198	111	3
10	1	198	112	5
10	1	198	113	0
10	1	198	120	8
10	1	198	121	8
10	1	198	122	5
10	1	198	123	0
10	1	199	10	1
10	1	199	11	0
10	1	199	12	0
10	1	199	13	1
10	1	199	20	2
10	1	199	21	1
10	1	199	22	1
10	1	199	23	1
10	1	199	110	2
10	1	199	111	2
10	1	199	112	5
10	1	199	113	4
10	1	199	120	12
10	1	199	121	11
10	1	199	122	9
10	1	199	123	4
10	1	200	110	4
10	1	200	111	4
10	1	200	112	4
10	1	200	113	0
10	1	200	120	8
10	1	200	121	8
10	1	200	122	4
10	1	200	123	0
10	1	201	110	1
10	1	201	111	1
10	1	201	112	1
10	1	201	113	0
10	1	201	120	2
10	1	201	121	2
10	1	201	122	1
10	1	201	123	0
10	1	202	10	0
10	1	202	11	1
10	1	202	12	1
10	1	202	13	0
10	1	202	20	2
10	1	202	21	2
10	1	202	22	1
10	1	202	23	0
10	1	202	110	15
10	1	202	111	15
10	1	202	112	14
10	1	202	113	4
10	1	202	120	35
10	1	202	121	33
10	1	202	122	18
10	1	202	123	4
10	1	203	10	0
10	1	203	11	2
10	1	203	12	0
10	1	203	13	0
10	1	203	20	2
10	1	203	21	2
10	1	203	22	0
10	1	203	23	0
10	1	203	110	12
10	1	203	111	12
10	1	203	112	6
10	1	203	113	1
10	1	203	120	33
10	1	203	121	19
10	1	203	122	7
10	1	203	123	1
10	1	204	10	0
10	1	204	11	4
10	1	204	12	2
10	1	204	13	2
10	1	204	20	8
10	1	204	21	8
10	1	204	22	4
10	1	204	23	2
10	1	204	110	29
10	1	204	111	29
10	1	204	112	39
10	1	204	113	9
10	1	204	120	87
10	1	204	121	77
10	1	204	122	48
10	1	204	123	9
10	1	206	110	4
10	1	206	111	4
10	1	206	112	1
10	1	206	113	0
10	1	206	120	6
10	1	206	121	5
10	1	206	122	1
10	1	206	123	0
10	1	207	110	6
10	1	207	111	6
10	1	207	112	1
10	1	207	113	0
10	1	207	120	11
10	1	207	121	7
10	1	207	122	1
10	1	207	123	0
10	1	208	110	0
10	1	208	111	0
10	1	208	112	0
10	1	208	113	0
10	1	208	120	3
10	1	208	121	0
10	1	208	122	0
10	1	208	123	0
10	1	209	10	1
10	1	209	11	0
10	1	209	12	0
10	1	209	13	0
10	1	209	20	1
10	1	209	21	0
10	1	209	22	0
10	1	209	23	0
10	1	209	110	6
10	1	209	111	6
10	1	209	112	8
10	1	209	113	2
10	1	209	120	18
10	1	209	121	16
10	1	209	122	10
10	1	209	123	2
10	1	210	10	1
10	1	210	11	2
10	1	210	12	0
10	1	210	13	0
10	1	210	20	3
10	1	210	21	2
10	1	210	22	0
10	1	210	23	0
10	1	210	110	7
10	1	210	111	7
10	1	210	112	0
10	1	210	113	0
10	1	210	120	17
10	1	210	121	7
10	1	210	122	0
10	1	210	123	0
10	1	211	10	0
10	1	211	11	1
10	1	211	12	0
10	1	211	13	0
10	1	211	20	1
10	1	211	21	1
10	1	211	22	0
10	1	211	23	0
10	1	211	110	8
10	1	211	111	8
10	1	211	112	6
10	1	211	113	0
10	1	211	120	17
10	1	211	121	14
10	1	211	122	6
10	1	211	123	0
10	1	212	110	6
10	1	212	111	6
10	1	212	112	0
10	1	212	113	0
10	1	212	120	7
10	1	212	121	6
10	1	212	122	0
10	1	212	123	0
10	1	213	10	1
10	1	213	11	2
10	1	213	12	1
10	1	213	13	0
10	1	213	20	4
10	1	213	21	3
10	1	213	22	1
10	1	213	23	0
10	1	213	110	15
10	1	213	111	15
10	1	213	112	17
10	1	213	113	6
10	1	213	120	48
10	1	213	121	38
10	1	213	122	23
10	1	213	123	6
10	1	214	110	1
10	1	214	111	1
10	1	214	112	0
10	1	214	113	0
10	1	214	120	1
10	1	214	121	1
10	1	214	122	0
10	1	214	123	0
10	1	215	10	1
10	1	215	11	2
10	1	215	12	1
10	1	215	13	0
10	1	215	20	4
10	1	215	21	3
10	1	215	22	1
10	1	215	23	0
10	1	215	110	25
10	1	215	111	25
10	1	215	112	23
10	1	215	113	1
10	1	215	120	58
10	1	215	121	49
10	1	215	122	24
10	1	215	123	1
10	1	216	10	0
10	1	216	11	1
10	1	216	12	0
10	1	216	13	0
10	1	216	20	1
10	1	216	21	1
10	1	216	22	0
10	1	216	23	0
10	1	216	110	20
10	1	216	111	20
10	1	216	112	2
10	1	216	113	0
10	1	216	120	26
10	1	216	121	22
10	1	216	122	2
10	1	216	123	0
10	1	217	10	0
10	1	217	11	1
10	1	217	12	0
10	1	217	13	0
10	1	217	20	1
10	1	217	21	1
10	1	217	22	0
10	1	217	23	0
10	1	217	110	9
10	1	217	111	9
10	1	217	112	2
10	1	217	113	0
10	1	217	120	11
10	1	217	121	11
10	1	217	122	2
10	1	217	123	0
10	1	218	10	1
10	1	218	11	1
10	1	218	12	0
10	1	218	13	0
10	1	218	20	2
10	1	218	21	1
10	1	218	22	0
10	1	218	23	0
10	1	218	110	8
10	1	218	111	8
10	1	218	112	0
10	1	218	113	0
10	1	218	120	18
10	1	218	121	8
10	1	218	122	0
10	1	218	123	0
10	1	219	10	0
10	1	219	11	1
10	1	219	12	1
10	1	219	13	0
10	1	219	20	2
10	1	219	21	2
10	1	219	22	1
10	1	219	23	0
10	1	219	110	22
10	1	219	111	22
10	1	219	112	11
10	1	219	113	1
10	1	219	120	39
10	1	219	121	34
10	1	219	122	12
10	1	219	123	1
10	1	220	10	0
10	1	220	11	0
10	1	220	12	1
10	1	220	13	1
10	1	220	20	2
10	1	220	21	2
10	1	220	22	2
10	1	220	23	1
10	1	220	110	16
10	1	220	111	16
10	1	220	112	15
10	1	220	113	4
10	1	220	120	38
10	1	220	121	35
10	1	220	122	19
10	1	220	123	4
10	1	221	10	0
10	1	221	11	1
10	1	221	12	0
10	1	221	13	2
10	1	221	20	3
10	1	221	21	3
10	1	221	22	2
10	1	221	23	2
10	1	221	110	11
10	1	221	111	11
10	1	221	112	5
10	1	221	113	3
10	1	221	120	20
10	1	221	121	19
10	1	221	122	8
10	1	221	123	3
10	1	222	10	2
10	1	222	11	1
10	1	222	12	0
10	1	222	13	0
10	1	222	20	3
10	1	222	21	1
10	1	222	22	0
10	1	222	23	0
10	1	222	110	11
10	1	222	111	11
10	1	222	112	7
10	1	222	113	2
10	1	222	120	28
10	1	222	121	20
10	1	222	122	9
10	1	222	123	2
10	1	224	10	0
10	1	224	11	1
10	1	224	12	3
10	1	224	13	0
10	1	224	20	4
10	1	224	21	4
10	1	224	22	3
10	1	224	23	0
10	1	224	110	15
10	1	224	111	15
10	1	224	112	13
10	1	224	113	3
10	1	224	120	34
10	1	224	121	31
10	1	224	122	16
10	1	224	123	3
10	1	225	10	1
10	1	225	11	0
10	1	225	12	0
10	1	225	13	0
10	1	225	20	1
10	1	225	21	0
10	1	225	22	0
10	1	225	23	0
10	1	225	110	5
10	1	225	111	5
10	1	225	112	0
10	1	225	113	0
10	1	225	120	7
10	1	225	121	5
10	1	225	122	0
10	1	225	123	0
10	1	226	110	5
10	1	226	111	5
10	1	226	112	0
10	1	226	113	0
10	1	226	120	5
10	1	226	121	5
10	1	226	122	0
10	1	226	123	0
10	1	227	10	0
10	1	227	11	4
10	1	227	12	2
10	1	227	13	1
10	1	227	20	7
10	1	227	21	7
10	1	227	22	3
10	1	227	23	1
10	1	227	110	24
10	1	227	111	24
10	1	227	112	20
10	1	227	113	11
10	1	227	120	59
10	1	227	121	55
10	1	227	122	31
10	1	227	123	11
10	1	228	110	6
10	1	228	111	6
10	1	228	112	2
10	1	228	113	0
10	1	228	120	9
10	1	228	121	8
10	1	228	122	2
10	1	228	123	0
10	1	229	110	1
10	1	229	111	1
10	1	229	112	0
10	1	229	113	0
10	1	229	120	1
10	1	229	121	1
10	1	229	122	0
10	1	229	123	0
10	1	230	110	2
10	1	230	111	2
10	1	230	112	4
10	1	230	113	0
10	1	230	120	7
10	1	230	121	6
10	1	230	122	4
10	1	230	123	0
10	1	231	10	0
10	1	231	11	0
10	1	231	12	0
10	1	231	13	1
10	1	231	20	1
10	1	231	21	1
10	1	231	22	1
10	1	231	23	1
10	1	231	110	11
10	1	231	111	11
10	1	231	112	8
10	1	231	113	5
10	1	231	120	26
10	1	231	121	24
10	1	231	122	13
10	1	231	123	5
10	1	232	110	1
10	1	232	111	1
10	1	232	112	2
10	1	232	113	2
10	1	232	120	6
10	1	232	121	5
10	1	232	122	4
10	1	232	123	2
10	1	233	10	1
10	1	233	11	4
10	1	233	12	0
10	1	233	13	0
10	1	233	20	5
10	1	233	21	4
10	1	233	22	0
10	1	233	23	0
10	1	233	110	16
10	1	233	111	16
10	1	233	112	17
10	1	233	113	3
10	1	233	120	39
10	1	233	121	36
10	1	233	122	20
10	1	233	123	3
10	1	234	10	1
10	1	234	11	0
10	1	234	12	0
10	1	234	13	1
10	1	234	20	2
10	1	234	21	1
10	1	234	22	1
10	1	234	23	1
10	1	234	110	10
10	1	234	111	10
10	1	234	112	11
10	1	234	113	2
10	1	234	120	24
10	1	234	121	23
10	1	234	122	13
10	1	234	123	2
10	1	235	10	0
10	1	235	11	1
10	1	235	12	0
10	1	235	13	1
10	1	235	20	2
10	1	235	21	2
10	1	235	22	1
10	1	235	23	1
10	1	235	110	8
10	1	235	111	8
10	1	235	112	13
10	1	235	113	4
10	1	235	120	27
10	1	235	121	25
10	1	235	122	17
10	1	235	123	4
10	1	236	110	4
10	1	236	111	4
10	1	236	112	1
10	1	236	113	1
10	1	236	120	6
10	1	236	121	6
10	1	236	122	2
10	1	236	123	1
10	1	237	10	1
10	1	237	11	0
10	1	237	12	0
10	1	237	13	0
10	1	237	20	1
10	1	237	21	0
10	1	237	22	0
10	1	237	23	0
10	1	237	110	1
10	1	237	111	1
10	1	237	112	1
10	1	237	113	0
10	1	237	120	3
10	1	237	121	2
10	1	237	122	1
10	1	237	123	0
10	1	238	10	1
10	1	238	11	3
10	1	238	12	0
10	1	238	13	0
10	1	238	20	4
10	1	238	21	3
10	1	238	22	0
10	1	238	23	0
10	1	238	110	24
10	1	238	111	24
10	1	238	112	3
10	1	238	113	0
10	1	238	120	38
10	1	238	121	27
10	1	238	122	3
10	1	238	123	0
10	1	240	10	0
10	1	240	11	1
10	1	240	12	0
10	1	240	13	1
10	1	240	20	2
10	1	240	21	2
10	1	240	22	1
10	1	240	23	1
10	1	240	110	9
10	1	240	111	9
10	1	240	112	4
10	1	240	113	2
10	1	240	120	16
10	1	240	121	15
10	1	240	122	6
10	1	240	123	2
10	1	241	110	14
10	1	241	111	14
10	1	241	112	15
10	1	241	113	1
10	1	241	120	33
10	1	241	121	30
10	1	241	122	16
10	1	241	123	1
10	1	242	10	0
10	1	242	11	2
10	1	242	12	0
10	1	242	13	0
10	1	242	20	2
10	1	242	21	2
10	1	242	22	0
10	1	242	23	0
10	1	242	110	8
10	1	242	111	8
10	1	242	112	8
10	1	242	113	5
10	1	242	120	21
10	1	242	121	21
10	1	242	122	13
10	1	242	123	5
10	1	243	10	1
10	1	243	11	0
10	1	243	12	1
10	1	243	13	0
10	1	243	20	2
10	1	243	21	1
10	1	243	22	1
10	1	243	23	0
10	1	243	110	12
10	1	243	111	12
10	1	243	112	7
10	1	243	113	2
10	1	243	120	32
10	1	243	121	21
10	1	243	122	9
10	1	243	123	2
10	1	244	110	22
10	1	244	111	22
10	1	244	112	22
10	1	244	113	2
10	1	244	120	53
10	1	244	121	46
10	1	244	122	24
10	1	244	123	2
10	1	245	10	0
10	1	245	11	3
10	1	245	12	0
10	1	245	13	0
10	1	245	20	3
10	1	245	21	3
10	1	245	22	0
10	1	245	23	0
10	1	245	110	23
10	1	245	111	23
10	1	245	112	8
10	1	245	113	1
10	1	245	120	39
10	1	245	121	32
10	1	245	122	9
10	1	245	123	1
10	1	246	10	1
10	1	246	11	1
10	1	246	12	0
10	1	246	13	0
10	1	246	20	2
10	1	246	21	1
10	1	246	22	0
10	1	246	23	0
10	1	246	110	6
10	1	246	111	6
10	1	246	112	0
10	1	246	113	0
10	1	246	120	16
10	1	246	121	6
10	1	246	122	0
10	1	246	123	0
10	1	247	10	0
10	1	247	11	1
10	1	247	12	5
10	1	247	13	4
10	1	247	20	10
10	1	247	21	10
10	1	247	22	9
10	1	247	23	4
10	1	247	110	30
10	1	247	111	30
10	1	247	112	54
10	1	247	113	26
10	1	247	120	119
10	1	247	121	110
10	1	247	122	80
10	1	247	123	26
10	1	248	10	0
10	1	248	11	1
10	1	248	12	0
10	1	248	13	0
10	1	248	20	1
10	1	248	21	1
10	1	248	22	0
10	1	248	23	0
10	1	248	110	3
10	1	248	111	3
10	1	248	112	8
10	1	248	113	3
10	1	248	120	14
10	1	248	121	14
10	1	248	122	11
10	1	248	123	3
10	1	249	10	2
10	1	249	11	0
10	1	249	12	0
10	1	249	13	0
10	1	249	20	2
10	1	249	21	0
10	1	249	22	0
10	1	249	23	0
10	1	249	110	16
10	1	249	111	16
10	1	249	112	5
10	1	249	113	0
10	1	249	120	26
10	1	249	121	21
10	1	249	122	5
10	1	249	123	0
10	1	250	10	1
10	1	250	11	1
10	1	250	12	2
10	1	250	13	0
10	1	250	20	4
10	1	250	21	3
10	1	250	22	2
10	1	250	23	0
10	1	250	110	8
10	1	250	111	8
10	1	250	112	15
10	1	250	113	4
10	1	250	120	32
10	1	250	121	27
10	1	250	122	19
10	1	250	123	4
10	1	251	10	0
10	1	251	11	1
10	1	251	12	0
10	1	251	13	0
10	1	251	20	1
10	1	251	21	1
10	1	251	22	0
10	1	251	23	0
10	1	251	110	6
10	1	251	111	6
10	1	251	112	2
10	1	251	113	0
10	1	251	120	8
10	1	251	121	8
10	1	251	122	2
10	1	251	123	0
10	1	252	10	1
10	1	252	11	7
10	1	252	12	4
10	1	252	13	0
10	1	252	20	12
10	1	252	21	11
10	1	252	22	4
10	1	252	23	0
10	1	252	110	33
10	1	252	111	33
10	1	252	112	54
10	1	252	113	20
10	1	252	120	115
10	1	252	121	107
10	1	252	122	74
10	1	252	123	20
10	1	253	10	0
10	1	253	11	3
10	1	253	12	2
10	1	253	13	1
10	1	253	20	6
10	1	253	21	6
10	1	253	22	3
10	1	253	23	1
10	1	253	110	42
10	1	253	111	42
10	1	253	112	26
10	1	253	113	7
10	1	253	120	89
10	1	253	121	75
10	1	253	122	33
10	1	253	123	7
10	1	254	10	0
10	1	254	11	0
10	1	254	12	1
10	1	254	13	0
10	1	254	20	1
10	1	254	21	1
10	1	254	22	1
10	1	254	23	0
10	1	254	110	0
10	1	254	111	0
10	1	254	112	11
10	1	254	113	4
10	1	254	120	15
10	1	254	121	15
10	1	254	122	15
10	1	254	123	4
10	1	255	10	1
10	1	255	11	1
10	1	255	12	0
10	1	255	13	0
10	1	255	20	2
10	1	255	21	1
10	1	255	22	0
10	1	255	23	0
10	1	255	110	6
10	1	255	111	6
10	1	255	112	5
10	1	255	113	3
10	1	255	120	17
10	1	255	121	14
10	1	255	122	8
10	1	255	123	3
10	1	256	10	0
10	1	256	11	3
10	1	256	12	2
10	1	256	13	0
10	1	256	20	5
10	1	256	21	5
10	1	256	22	2
10	1	256	23	0
10	1	256	110	14
10	1	256	111	14
10	1	256	112	24
10	1	256	113	7
10	1	256	120	50
10	1	256	121	45
10	1	256	122	31
10	1	256	123	7
10	1	258	10	2
10	1	258	11	0
10	1	258	12	0
10	1	258	13	0
10	1	258	20	2
10	1	258	21	0
10	1	258	22	0
10	1	258	23	0
10	1	258	110	14
10	1	258	111	14
10	1	258	112	5
10	1	258	113	2
10	1	258	120	27
10	1	258	121	21
10	1	258	122	7
10	1	258	123	2
10	1	259	10	1
10	1	259	11	3
10	1	259	12	8
10	1	259	13	3
10	1	259	20	15
10	1	259	21	14
10	1	259	22	11
10	1	259	23	3
10	1	259	110	18
10	1	259	111	18
10	1	259	112	38
10	1	259	113	22
10	1	259	120	79
10	1	259	121	78
10	1	259	122	60
10	1	259	123	22
10	1	260	10	0
10	1	260	11	2
10	1	260	12	4
10	1	260	13	1
10	1	260	20	7
10	1	260	21	7
10	1	260	22	5
10	1	260	23	1
10	1	260	110	19
10	1	260	111	19
10	1	260	112	27
10	1	260	113	10
10	1	260	120	57
10	1	260	121	56
10	1	260	122	37
10	1	260	123	10
10	1	261	10	0
10	1	261	11	1
10	1	261	12	1
10	1	261	13	0
10	1	261	20	2
10	1	261	21	2
10	1	261	22	1
10	1	261	23	0
10	1	261	110	4
10	1	261	111	4
10	1	261	112	12
10	1	261	113	6
10	1	261	120	22
10	1	261	121	22
10	1	261	122	18
10	1	261	123	6
10	1	262	10	1
10	1	262	11	0
10	1	262	12	2
10	1	262	13	0
10	1	262	20	3
10	1	262	21	2
10	1	262	22	2
10	1	262	23	0
10	1	262	110	8
10	1	262	111	8
10	1	262	112	6
10	1	262	113	1
10	1	262	120	23
10	1	262	121	15
10	1	262	122	7
10	1	262	123	1
10	1	263	110	1
10	1	263	111	1
10	1	263	112	0
10	1	263	113	0
10	1	263	120	1
10	1	263	121	1
10	1	263	122	0
10	1	263	123	0
10	1	264	110	2
10	1	264	111	2
10	1	264	112	2
10	1	264	113	1
10	1	264	120	5
10	1	264	121	5
10	1	264	122	3
10	1	264	123	1
10	1	265	110	0
10	1	265	111	0
10	1	265	112	1
10	1	265	113	0
10	1	265	120	1
10	1	265	121	1
10	1	265	122	1
10	1	265	123	0
10	1	266	10	0
10	1	266	11	0
10	1	266	12	1
10	1	266	13	0
10	1	266	20	1
10	1	266	21	1
10	1	266	22	1
10	1	266	23	0
10	1	266	110	5
10	1	266	111	5
10	1	266	112	3
10	1	266	113	0
10	1	266	120	9
10	1	266	121	8
10	1	266	122	3
10	1	266	123	0
10	1	267	110	0
10	1	267	111	0
10	1	267	112	1
10	1	267	113	1
10	1	267	120	2
10	1	267	121	2
10	1	267	122	2
10	1	267	123	1
10	1	268	10	0
10	1	268	11	1
10	1	268	12	0
10	1	268	13	0
10	1	268	20	1
10	1	268	21	1
10	1	268	22	0
10	1	268	23	0
10	1	268	110	17
10	1	268	111	17
10	1	268	112	4
10	1	268	113	2
10	1	268	120	29
10	1	268	121	23
10	1	268	122	6
10	1	268	123	2
10	1	270	10	1
10	1	270	11	2
10	1	270	12	1
10	1	270	13	0
10	1	270	20	4
10	1	270	21	3
10	1	270	22	1
10	1	270	23	0
10	1	270	110	20
10	1	270	111	20
10	1	270	112	9
10	1	270	113	0
10	1	270	120	35
10	1	270	121	29
10	1	270	122	9
10	1	270	123	0
10	1	271	10	0
10	1	271	11	1
10	1	271	12	1
10	1	271	13	0
10	1	271	20	2
10	1	271	21	2
10	1	271	22	1
10	1	271	23	0
10	1	271	110	12
10	1	271	111	12
10	1	271	112	3
10	1	271	113	0
10	1	271	120	20
10	1	271	121	15
10	1	271	122	3
10	1	271	123	0
10	1	272	10	1
10	1	272	11	2
10	1	272	12	3
10	1	272	13	0
10	1	272	20	6
10	1	272	21	5
10	1	272	22	3
10	1	272	23	0
10	1	272	110	14
10	1	272	111	14
10	1	272	112	16
10	1	272	113	6
10	1	272	120	39
10	1	272	121	36
10	1	272	122	22
10	1	272	123	6
10	1	274	110	1
10	1	274	111	1
10	1	274	112	1
10	1	274	113	0
10	1	274	120	2
10	1	274	121	2
10	1	274	122	1
10	1	274	123	0
10	1	275	110	3
10	1	275	111	3
10	1	275	112	1
10	1	275	113	0
10	1	275	120	4
10	1	275	121	4
10	1	275	122	1
10	1	275	123	0
10	1	276	10	2
10	1	276	11	1
10	1	276	12	0
10	1	276	13	0
10	1	276	20	3
10	1	276	21	1
10	1	276	22	0
10	1	276	23	0
10	1	276	110	12
10	1	276	111	12
10	1	276	112	5
10	1	276	113	1
10	1	276	120	27
10	1	276	121	18
10	1	276	122	6
10	1	276	123	1
10	1	277	10	1
10	1	277	11	1
10	1	277	12	0
10	1	277	13	0
10	1	277	20	2
10	1	277	21	1
10	1	277	22	0
10	1	277	23	0
10	1	277	110	19
10	1	277	111	19
10	1	277	112	19
10	1	277	113	3
10	1	277	120	51
10	1	277	121	41
10	1	277	122	22
10	1	277	123	3
10	1	278	10	1
10	1	278	11	5
10	1	278	12	1
10	1	278	13	0
10	1	278	20	7
10	1	278	21	6
10	1	278	22	1
10	1	278	23	0
10	1	278	110	29
10	1	278	111	29
10	1	278	112	34
10	1	278	113	4
10	1	278	120	72
10	1	278	121	67
10	1	278	122	38
10	1	278	123	4
10	1	279	10	0
10	1	279	11	1
10	1	279	12	0
10	1	279	13	0
10	1	279	20	1
10	1	279	21	1
10	1	279	22	0
10	1	279	23	0
10	1	279	110	6
10	1	279	111	6
10	1	279	112	2
10	1	279	113	1
10	1	279	120	10
10	1	279	121	9
10	1	279	122	3
10	1	279	123	1
10	1	280	110	3
10	1	280	111	3
10	1	280	112	3
10	1	280	113	0
10	1	280	120	6
10	1	280	121	6
10	1	280	122	3
10	1	280	123	0
10	1	283	10	1
10	1	283	11	1
10	1	283	12	1
10	1	283	13	0
10	1	283	20	3
10	1	283	21	2
10	1	283	22	1
10	1	283	23	0
10	1	283	110	7
10	1	283	111	7
10	1	283	112	16
10	1	283	113	5
10	1	283	120	32
10	1	283	121	28
10	1	283	122	21
10	1	283	123	5
10	1	284	10	1
10	1	284	11	1
10	1	284	12	1
10	1	284	13	0
10	1	284	20	3
10	1	284	21	2
10	1	284	22	1
10	1	284	23	0
10	1	284	110	24
10	1	284	111	24
10	1	284	112	18
10	1	284	113	1
10	1	284	120	57
10	1	284	121	43
10	1	284	122	19
10	1	284	123	1
10	1	285	10	0
10	1	285	11	2
10	1	285	12	1
10	1	285	13	0
10	1	285	20	3
10	1	285	21	3
10	1	285	22	1
10	1	285	23	0
10	1	285	110	21
10	1	285	111	21
10	1	285	112	14
10	1	285	113	2
10	1	285	120	44
10	1	285	121	37
10	1	285	122	16
10	1	285	123	2
10	1	286	10	1
10	1	286	11	1
10	1	286	12	3
10	1	286	13	0
10	1	286	20	5
10	1	286	21	4
10	1	286	22	3
10	1	286	23	0
10	1	286	110	14
10	1	286	111	14
10	1	286	112	21
10	1	286	113	13
10	1	286	120	53
10	1	286	121	48
10	1	286	122	34
10	1	286	123	13
10	1	287	10	0
10	1	287	11	4
10	1	287	12	2
10	1	287	13	0
10	1	287	20	6
10	1	287	21	6
10	1	287	22	2
10	1	287	23	0
10	1	287	110	10
10	1	287	111	10
10	1	287	112	17
10	1	287	113	2
10	1	287	120	29
10	1	287	121	29
10	1	287	122	19
10	1	287	123	2
10	1	288	10	1
10	1	288	11	0
10	1	288	12	1
10	1	288	13	0
10	1	288	20	2
10	1	288	21	1
10	1	288	22	1
10	1	288	23	0
10	1	288	110	9
10	1	288	111	9
10	1	288	112	13
10	1	288	113	3
10	1	288	120	28
10	1	288	121	25
10	1	288	122	16
10	1	288	123	3
10	1	289	110	3
10	1	289	111	3
10	1	289	112	0
10	1	289	113	0
10	1	289	120	5
10	1	289	121	3
10	1	289	122	0
10	1	289	123	0
10	1	290	110	3
10	1	290	111	3
10	1	290	112	0
10	1	290	113	0
10	1	290	120	7
10	1	290	121	3
10	1	290	122	0
10	1	290	123	0
10	1	293	110	1
10	1	293	111	1
10	1	293	112	1
10	1	293	113	0
10	1	293	120	2
10	1	293	121	2
10	1	293	122	1
10	1	293	123	0
10	1	294	110	4
10	1	294	111	4
10	1	294	112	0
10	1	294	113	0
10	1	294	120	9
10	1	294	121	4
10	1	294	122	0
10	1	294	123	0
10	1	295	110	4
10	1	295	111	4
10	1	295	112	6
10	1	295	113	0
10	1	295	120	15
10	1	295	121	10
10	1	295	122	6
10	1	295	123	0
10	1	296	10	0
10	1	296	11	0
10	1	296	12	2
10	1	296	13	0
10	1	296	20	2
10	1	296	21	2
10	1	296	22	2
10	1	296	23	0
10	1	296	110	9
10	1	296	111	9
10	1	296	112	16
10	1	296	113	3
10	1	296	120	30
10	1	296	121	28
10	1	296	122	19
10	1	296	123	3
10	1	297	110	1
10	1	297	111	1
10	1	297	112	5
10	1	297	113	0
10	1	297	120	6
10	1	297	121	6
10	1	297	122	5
10	1	297	123	0
10	1	298	110	2
10	1	298	111	2
10	1	298	112	0
10	1	298	113	0
10	1	298	120	4
10	1	298	121	2
10	1	298	122	0
10	1	298	123	0
10	1	299	10	0
10	1	299	11	0
10	1	299	12	1
10	1	299	13	0
10	1	299	20	1
10	1	299	21	1
10	1	299	22	1
10	1	299	23	0
10	1	299	110	7
10	1	299	111	7
10	1	299	112	6
10	1	299	113	2
10	1	299	120	16
10	1	299	121	15
10	1	299	122	8
10	1	299	123	2
10	1	300	10	0
10	1	300	11	5
10	1	300	12	2
10	1	300	13	1
10	1	300	20	8
10	1	300	21	8
10	1	300	22	3
10	1	300	23	1
10	1	300	110	32
10	1	300	111	32
10	1	300	112	32
10	1	300	113	15
10	1	300	120	85
10	1	300	121	79
10	1	300	122	47
10	1	300	123	15
10	1	301	10	0
10	1	301	11	2
10	1	301	12	1
10	1	301	13	1
10	1	301	20	4
10	1	301	21	4
10	1	301	22	2
10	1	301	23	1
10	1	301	110	11
10	1	301	111	11
10	1	301	112	7
10	1	301	113	3
10	1	301	120	24
10	1	301	121	21
10	1	301	122	10
10	1	301	123	3
10	1	302	10	0
10	1	302	11	3
10	1	302	12	1
10	1	302	13	0
10	1	302	20	4
10	1	302	21	4
10	1	302	22	1
10	1	302	23	0
10	1	302	110	24
10	1	302	111	24
10	1	302	112	25
10	1	302	113	4
10	1	302	120	63
10	1	302	121	53
10	1	302	122	29
10	1	302	123	4
10	1	303	10	0
10	1	303	11	1
10	1	303	12	0
10	1	303	13	0
10	1	303	20	1
10	1	303	21	1
10	1	303	22	0
10	1	303	23	0
10	1	303	110	8
10	1	303	111	8
10	1	303	112	8
10	1	303	113	1
10	1	303	120	19
10	1	303	121	17
10	1	303	122	9
10	1	303	123	1
10	1	304	10	0
10	1	304	11	1
10	1	304	12	4
10	1	304	13	0
10	1	304	20	5
10	1	304	21	5
10	1	304	22	4
10	1	304	23	0
10	1	304	110	18
10	1	304	111	18
10	1	304	112	31
10	1	304	113	7
10	1	304	120	58
10	1	304	121	56
10	1	304	122	38
10	1	304	123	7
10	1	305	110	4
10	1	305	111	4
10	1	305	112	6
10	1	305	113	1
10	1	305	120	12
10	1	305	121	11
10	1	305	122	7
10	1	305	123	1
10	1	306	10	0
10	1	306	11	2
10	1	306	12	4
10	1	306	13	0
10	1	306	20	6
10	1	306	21	6
10	1	306	22	4
10	1	306	23	0
10	1	306	110	22
10	1	306	111	22
10	1	306	112	32
10	1	306	113	6
10	1	306	120	62
10	1	306	121	60
10	1	306	122	38
10	1	306	123	6
10	1	307	10	1
10	1	307	11	3
10	1	307	12	4
10	1	307	13	0
10	1	307	20	8
10	1	307	21	7
10	1	307	22	4
10	1	307	23	0
10	1	307	110	27
10	1	307	111	27
10	1	307	112	35
10	1	307	113	8
10	1	307	120	75
10	1	307	121	70
10	1	307	122	43
10	1	307	123	8
10	1	308	10	0
10	1	308	11	1
10	1	308	12	4
10	1	308	13	0
10	1	308	20	5
10	1	308	21	5
10	1	308	22	4
10	1	308	23	0
10	1	308	110	19
10	1	308	111	19
10	1	308	112	31
10	1	308	113	6
10	1	308	120	58
10	1	308	121	56
10	1	308	122	37
10	1	308	123	6
10	1	309	110	1
10	1	309	111	1
10	1	309	112	0
10	1	309	113	0
10	1	309	120	1
10	1	309	121	1
10	1	309	122	0
10	1	309	123	0
10	1	310	110	0
10	1	310	111	0
10	1	310	112	2
10	1	310	113	0
10	1	310	120	5
10	1	310	121	2
10	1	310	122	2
10	1	310	123	0
10	1	311	10	0
10	1	311	11	1
10	1	311	12	0
10	1	311	13	0
10	1	311	20	1
10	1	311	21	1
10	1	311	22	0
10	1	311	23	0
10	1	311	110	5
10	1	311	111	5
10	1	311	112	0
10	1	311	113	0
10	1	311	120	10
10	1	311	121	5
10	1	311	122	0
10	1	311	123	0
10	1	312	10	0
10	1	312	11	3
10	1	312	12	1
10	1	312	13	2
10	1	312	20	6
10	1	312	21	6
10	1	312	22	3
10	1	312	23	2
10	1	312	110	8
10	1	312	111	8
10	1	312	112	11
10	1	312	113	6
10	1	312	120	27
10	1	312	121	25
10	1	312	122	17
10	1	312	123	6
10	1	313	10	0
10	1	313	11	1
10	1	313	12	0
10	1	313	13	0
10	1	313	20	1
10	1	313	21	1
10	1	313	22	0
10	1	313	23	0
10	1	313	110	8
10	1	313	111	8
10	1	313	112	5
10	1	313	113	1
10	1	313	120	15
10	1	313	121	14
10	1	313	122	6
10	1	313	123	1
10	1	314	10	1
10	1	314	11	2
10	1	314	12	6
10	1	314	13	0
10	1	314	20	9
10	1	314	21	8
10	1	314	22	6
10	1	314	23	0
10	1	314	110	25
10	1	314	111	25
10	1	314	112	25
10	1	314	113	1
10	1	314	120	65
10	1	314	121	51
10	1	314	122	26
10	1	314	123	1
10	1	315	110	4
10	1	315	111	4
10	1	315	112	1
10	1	315	113	0
10	1	315	120	5
10	1	315	121	5
10	1	315	122	1
10	1	315	123	0
10	1	316	110	2
10	1	316	111	2
10	1	316	112	0
10	1	316	113	0
10	1	316	120	6
10	1	316	121	2
10	1	316	122	0
10	1	316	123	0
10	1	317	110	0
10	1	317	111	0
10	1	317	112	0
10	1	317	113	0
10	1	317	120	3
10	1	317	121	0
10	1	317	122	0
10	1	317	123	0
10	1	318	10	0
10	1	318	11	3
10	1	318	12	4
10	1	318	13	0
10	1	318	20	7
10	1	318	21	7
10	1	318	22	4
10	1	318	23	0
10	1	318	110	19
10	1	318	111	19
10	1	318	112	30
10	1	318	113	7
10	1	318	120	58
10	1	318	121	56
10	1	318	122	37
10	1	318	123	7
10	1	320	10	0
10	1	320	11	3
10	1	320	12	4
10	1	320	13	1
10	1	320	20	8
10	1	320	21	8
10	1	320	22	5
10	1	320	23	1
10	1	320	110	26
10	1	320	111	26
10	1	320	112	34
10	1	320	113	15
10	1	320	120	85
10	1	320	121	75
10	1	320	122	49
10	1	320	123	15
10	1	321	10	0
10	1	321	11	2
10	1	321	12	1
10	1	321	13	0
10	1	321	20	3
10	1	321	21	3
10	1	321	22	1
10	1	321	23	0
10	1	321	110	18
10	1	321	111	18
10	1	321	112	8
10	1	321	113	1
10	1	321	120	34
10	1	321	121	27
10	1	321	122	9
10	1	321	123	1
10	1	322	110	9
10	1	322	111	9
10	1	322	112	3
10	1	322	113	0
10	1	322	120	13
10	1	322	121	12
10	1	322	122	3
10	1	322	123	0
10	1	323	10	1
10	1	323	11	2
10	1	323	12	0
10	1	323	13	0
10	1	323	20	3
10	1	323	21	2
10	1	323	22	0
10	1	323	23	0
10	1	323	110	16
10	1	323	111	16
10	1	323	112	9
10	1	323	113	4
10	1	323	120	36
10	1	323	121	29
10	1	323	122	13
10	1	323	123	4
10	1	324	10	0
10	1	324	11	0
10	1	324	12	0
10	1	324	13	1
10	1	324	20	1
10	1	324	21	1
10	1	324	22	1
10	1	324	23	1
10	1	324	110	3
10	1	324	111	3
10	1	324	112	3
10	1	324	113	3
10	1	324	120	10
10	1	324	121	9
10	1	324	122	6
10	1	324	123	3
10	1	325	110	1
10	1	325	111	1
10	1	325	112	0
10	1	325	113	0
10	1	325	120	2
10	1	325	121	1
10	1	325	122	0
10	1	325	123	0
10	1	326	10	0
10	1	326	11	0
10	1	326	12	1
10	1	326	13	0
10	1	326	20	1
10	1	326	21	1
10	1	326	22	1
10	1	326	23	0
10	1	326	110	4
10	1	326	111	4
10	1	326	112	3
10	1	326	113	0
10	1	326	120	8
10	1	326	121	7
10	1	326	122	3
10	1	326	123	0
10	1	327	10	0
10	1	327	11	2
10	1	327	12	3
10	1	327	13	0
10	1	327	20	5
10	1	327	21	5
10	1	327	22	3
10	1	327	23	0
10	1	327	110	17
10	1	327	111	17
10	1	327	112	11
10	1	327	113	2
10	1	327	120	36
10	1	327	121	30
10	1	327	122	13
10	1	327	123	2
10	1	328	10	1
10	1	328	11	1
10	1	328	12	0
10	1	328	13	0
10	1	328	20	2
10	1	328	21	1
10	1	328	22	0
10	1	328	23	0
10	1	328	110	5
10	1	328	111	5
10	1	328	112	2
10	1	328	113	1
10	1	328	120	15
10	1	328	121	8
10	1	328	122	3
10	1	328	123	1
10	1	329	110	6
10	1	329	111	6
10	1	329	112	7
10	1	329	113	1
10	1	329	120	23
10	1	329	121	14
10	1	329	122	8
10	1	329	123	1
10	1	330	10	2
10	1	330	11	4
10	1	330	12	5
10	1	330	13	1
10	1	330	20	12
10	1	330	21	10
10	1	330	22	6
10	1	330	23	1
10	1	330	110	38
10	1	330	111	38
10	1	330	112	30
10	1	330	113	8
10	1	330	120	82
10	1	330	121	76
10	1	330	122	38
10	1	330	123	8
10	1	331	10	1
10	1	331	11	3
10	1	331	12	2
10	1	331	13	1
10	1	331	20	7
10	1	331	21	6
10	1	331	22	3
10	1	331	23	1
10	1	331	110	28
10	1	331	111	28
10	1	331	112	21
10	1	331	113	10
10	1	331	120	65
10	1	331	121	59
10	1	331	122	31
10	1	331	123	10
10	1	333	10	0
10	1	333	11	1
10	1	333	12	0
10	1	333	13	0
10	1	333	20	1
10	1	333	21	1
10	1	333	22	0
10	1	333	23	0
10	1	333	110	8
10	1	333	111	8
10	1	333	112	6
10	1	333	113	1
10	1	333	120	21
10	1	333	121	15
10	1	333	122	7
10	1	333	123	1
10	1	334	10	0
10	1	334	11	1
10	1	334	12	2
10	1	334	13	1
10	1	334	20	4
10	1	334	21	4
10	1	334	22	3
10	1	334	23	1
10	1	334	110	6
10	1	334	111	6
10	1	334	112	17
10	1	334	113	9
10	1	334	120	37
10	1	334	121	32
10	1	334	122	26
10	1	334	123	9
10	1	338	110	1
10	1	338	111	1
10	1	338	112	4
10	1	338	113	0
10	1	338	120	5
10	1	338	121	5
10	1	338	122	4
10	1	338	123	0
10	1	339	10	1
10	1	339	11	1
10	1	339	12	3
10	1	339	13	0
10	1	339	20	5
10	1	339	21	4
10	1	339	22	3
10	1	339	23	0
10	1	339	110	24
10	1	339	111	24
10	1	339	112	29
10	1	339	113	4
10	1	339	120	67
10	1	339	121	57
10	1	339	122	33
10	1	339	123	4
10	1	340	110	1
10	1	340	111	1
10	1	340	112	3
10	1	340	113	0
10	1	340	120	4
10	1	340	121	4
10	1	340	122	3
10	1	340	123	0
10	1	341	10	0
10	1	341	11	1
10	1	341	12	1
10	1	341	13	0
10	1	341	20	2
10	1	341	21	2
10	1	341	22	1
10	1	341	23	0
10	1	341	110	8
10	1	341	111	8
10	1	341	112	6
10	1	341	113	3
10	1	341	120	18
10	1	341	121	17
10	1	341	122	9
10	1	341	123	3
10	1	342	10	0
10	1	342	11	1
10	1	342	12	0
10	1	342	13	0
10	1	342	20	1
10	1	342	21	1
10	1	342	22	0
10	1	342	23	0
10	1	342	110	13
10	1	342	111	13
10	1	342	112	6
10	1	342	113	2
10	1	342	120	24
10	1	342	121	21
10	1	342	122	8
10	1	342	123	2
10	1	343	10	1
10	1	343	11	2
10	1	343	12	0
10	1	343	13	0
10	1	343	20	3
10	1	343	21	2
10	1	343	22	0
10	1	343	23	0
10	1	343	110	10
10	1	343	111	10
10	1	343	112	7
10	1	343	113	1
10	1	343	120	21
10	1	343	121	18
10	1	343	122	8
10	1	343	123	1
10	1	344	10	1
10	1	344	11	1
10	1	344	12	3
10	1	344	13	0
10	1	344	20	5
10	1	344	21	4
10	1	344	22	3
10	1	344	23	0
10	1	344	110	13
10	1	344	111	13
10	1	344	112	16
10	1	344	113	10
10	1	344	120	40
10	1	344	121	39
10	1	344	122	26
10	1	344	123	10
10	1	346	10	0
10	1	346	11	1
10	1	346	12	0
10	1	346	13	0
10	1	346	20	1
10	1	346	21	1
10	1	346	22	0
10	1	346	23	0
10	1	346	110	7
10	1	346	111	7
10	1	346	112	0
10	1	346	113	0
10	1	346	120	12
10	1	346	121	7
10	1	346	122	0
10	1	346	123	0
10	1	347	10	1
10	1	347	11	1
10	1	347	12	0
10	1	347	13	0
10	1	347	20	2
10	1	347	21	1
10	1	347	22	0
10	1	347	23	0
10	1	347	110	15
10	1	347	111	15
10	1	347	112	8
10	1	347	113	0
10	1	347	120	27
10	1	347	121	23
10	1	347	122	8
10	1	347	123	0
10	1	348	10	0
10	1	348	11	2
10	1	348	12	1
10	1	348	13	0
10	1	348	20	3
10	1	348	21	3
10	1	348	22	1
10	1	348	23	0
10	1	348	110	7
10	1	348	111	7
10	1	348	112	7
10	1	348	113	0
10	1	348	120	19
10	1	348	121	14
10	1	348	122	7
10	1	348	123	0
10	1	349	110	1
10	1	349	111	1
10	1	349	112	0
10	1	349	113	0
10	1	349	120	1
10	1	349	121	1
10	1	349	122	0
10	1	349	123	0
10	1	351	110	1
10	1	351	111	1
10	1	351	112	0
10	1	351	113	0
10	1	351	120	1
10	1	351	121	1
10	1	351	122	0
10	1	351	123	0
10	1	352	10	0
10	1	352	11	1
10	1	352	12	0
10	1	352	13	0
10	1	352	20	1
10	1	352	21	1
10	1	352	22	0
10	1	352	23	0
10	1	352	110	5
10	1	352	111	5
10	1	352	112	2
10	1	352	113	1
10	1	352	120	13
10	1	352	121	8
10	1	352	122	3
10	1	352	123	1
10	1	353	10	0
10	1	353	11	1
10	1	353	12	1
10	1	353	13	0
10	1	353	20	2
10	1	353	21	2
10	1	353	22	1
10	1	353	23	0
10	1	353	110	9
10	1	353	111	9
10	1	353	112	11
10	1	353	113	1
10	1	353	120	21
10	1	353	121	21
10	1	353	122	12
10	1	353	123	1
10	1	354	110	1
10	1	354	111	1
10	1	354	112	0
10	1	354	113	0
10	1	354	120	1
10	1	354	121	1
10	1	354	122	0
10	1	354	123	0
10	1	355	110	1
10	1	355	111	1
10	1	355	112	0
10	1	355	113	1
10	1	355	120	2
10	1	355	121	2
10	1	355	122	1
10	1	355	123	1
10	1	356	10	0
10	1	356	11	2
10	1	356	12	1
10	1	356	13	0
10	1	356	20	3
10	1	356	21	3
10	1	356	22	1
10	1	356	23	0
10	1	356	110	7
10	1	356	111	7
10	1	356	112	2
10	1	356	113	0
10	1	356	120	11
10	1	356	121	9
10	1	356	122	2
10	1	356	123	0
10	1	357	110	1
10	1	357	111	1
10	1	357	112	0
10	1	357	113	0
10	1	357	120	1
10	1	357	121	1
10	1	357	122	0
10	1	357	123	0
10	1	358	110	0
10	1	358	111	0
10	1	358	112	0
10	1	358	113	1
10	1	358	120	1
10	1	358	121	1
10	1	358	122	1
10	1	358	123	1
10	1	359	10	2
10	1	359	11	1
10	1	359	12	0
10	1	359	13	0
10	1	359	20	3
10	1	359	21	1
10	1	359	22	0
10	1	359	23	0
10	1	359	110	8
10	1	359	111	8
10	1	359	112	3
10	1	359	113	1
10	1	359	120	18
10	1	359	121	12
10	1	359	122	4
10	1	359	123	1
10	1	360	10	0
10	1	360	11	3
10	1	360	12	4
10	1	360	13	0
10	1	360	20	7
10	1	360	21	7
10	1	360	22	4
10	1	360	23	0
10	1	360	110	29
10	1	360	111	29
10	1	360	112	20
10	1	360	113	4
10	1	360	120	58
10	1	360	121	53
10	1	360	122	24
10	1	360	123	4
10	1	361	10	0
10	1	361	11	1
10	1	361	12	0
10	1	361	13	0
10	1	361	20	1
10	1	361	21	1
10	1	361	22	0
10	1	361	23	0
10	1	361	110	6
10	1	361	111	6
10	1	361	112	0
10	1	361	113	1
10	1	361	120	8
10	1	361	121	7
10	1	361	122	1
10	1	361	123	1
10	1	362	10	1
10	1	362	11	6
10	1	362	12	4
10	1	362	13	6
10	1	362	20	17
10	1	362	21	16
10	1	362	22	10
10	1	362	23	6
10	1	362	110	25
10	1	362	111	25
10	1	362	112	34
10	1	362	113	24
10	1	362	120	85
10	1	362	121	83
10	1	362	122	58
10	1	362	123	24
10	1	363	10	0
10	1	363	11	1
10	1	363	12	1
10	1	363	13	0
10	1	363	20	2
10	1	363	21	2
10	1	363	22	1
10	1	363	23	0
10	1	363	110	3
10	1	363	111	3
10	1	363	112	8
10	1	363	113	9
10	1	363	120	21
10	1	363	121	20
10	1	363	122	17
10	1	363	123	9
10	1	364	110	1
10	1	364	111	1
10	1	364	112	0
10	1	364	113	0
10	1	364	120	5
10	1	364	121	1
10	1	364	122	0
10	1	364	123	0
10	1	365	110	5
10	1	365	111	5
10	1	365	112	2
10	1	365	113	0
10	1	365	120	9
10	1	365	121	7
10	1	365	122	2
10	1	365	123	0
10	1	367	110	2
10	1	367	111	2
10	1	367	112	0
10	1	367	113	1
10	1	367	120	4
10	1	367	121	3
10	1	367	122	1
10	1	367	123	1
10	1	368	10	1
10	1	368	11	0
10	1	368	12	4
10	1	368	13	0
10	1	368	20	5
10	1	368	21	4
10	1	368	22	4
10	1	368	23	0
10	1	368	110	22
10	1	368	111	22
10	1	368	112	47
10	1	368	113	16
10	1	368	120	88
10	1	368	121	85
10	1	368	122	63
10	1	368	123	16
10	1	369	10	0
10	1	369	11	1
10	1	369	12	1
10	1	369	13	0
10	1	369	20	2
10	1	369	21	2
10	1	369	22	1
10	1	369	23	0
10	1	369	110	2
10	1	369	111	2
10	1	369	112	7
10	1	369	113	7
10	1	369	120	16
10	1	369	121	16
10	1	369	122	14
10	1	369	123	7
10	1	370	10	2
10	1	370	11	7
10	1	370	12	7
10	1	370	13	7
10	1	370	20	23
10	1	370	21	21
10	1	370	22	14
10	1	370	23	7
10	1	370	110	36
10	1	370	111	36
10	1	370	112	59
10	1	370	113	31
10	1	370	120	134
10	1	370	121	126
10	1	370	122	90
10	1	370	123	31
10	1	371	110	1
10	1	371	111	1
10	1	371	112	0
10	1	371	113	0
10	1	371	120	1
10	1	371	121	1
10	1	371	122	0
10	1	371	123	0
10	1	372	10	0
10	1	372	11	0
10	1	372	12	2
10	1	372	13	0
10	1	372	20	2
10	1	372	21	2
10	1	372	22	2
10	1	372	23	0
10	1	372	110	3
10	1	372	111	3
10	1	372	112	8
10	1	372	113	4
10	1	372	120	19
10	1	372	121	15
10	1	372	122	12
10	1	372	123	4
10	1	373	10	0
10	1	373	11	0
10	1	373	12	2
10	1	373	13	0
10	1	373	20	2
10	1	373	21	2
10	1	373	22	2
10	1	373	23	0
10	1	373	110	0
10	1	373	111	0
10	1	373	112	10
10	1	373	113	5
10	1	373	120	15
10	1	373	121	15
10	1	373	122	15
10	1	373	123	5
10	1	374	10	1
10	1	374	11	4
10	1	374	12	8
10	1	374	13	6
10	1	374	20	19
10	1	374	21	18
10	1	374	22	14
10	1	374	23	6
10	1	374	110	12
10	1	374	111	12
10	1	374	112	33
10	1	374	113	31
10	1	374	120	79
10	1	374	121	76
10	1	374	122	64
10	1	374	123	31
10	1	375	10	0
10	1	375	11	1
10	1	375	12	0
10	1	375	13	0
10	1	375	20	1
10	1	375	21	1
10	1	375	22	0
10	1	375	23	0
10	1	375	110	6
10	1	375	111	6
10	1	375	112	4
10	1	375	113	1
10	1	375	120	11
10	1	375	121	11
10	1	375	122	5
10	1	375	123	1
10	1	377	110	1
10	1	377	111	1
10	1	377	112	0
10	1	377	113	0
10	1	377	120	2
10	1	377	121	1
10	1	377	122	0
10	1	377	123	0
10	1	378	110	3
10	1	378	111	3
10	1	378	112	0
10	1	378	113	0
10	1	378	120	3
10	1	378	121	3
10	1	378	122	0
10	1	378	123	0
10	1	379	10	0
10	1	379	11	0
10	1	379	12	1
10	1	379	13	0
10	1	379	20	1
10	1	379	21	1
10	1	379	22	1
10	1	379	23	0
10	1	379	110	7
10	1	379	111	7
10	1	379	112	14
10	1	379	113	4
10	1	379	120	25
10	1	379	121	25
10	1	379	122	18
10	1	379	123	4
10	1	381	110	1
10	1	381	111	1
10	1	381	112	0
10	1	381	113	1
10	1	381	120	2
10	1	381	121	2
10	1	381	122	1
10	1	381	123	1
10	1	383	10	0
10	1	383	11	0
10	1	383	12	6
10	1	383	13	2
10	1	383	20	8
10	1	383	21	8
10	1	383	22	8
10	1	383	23	2
10	1	383	110	4
10	1	383	111	4
10	1	383	112	23
10	1	383	113	13
10	1	383	120	40
10	1	383	121	40
10	1	383	122	36
10	1	383	123	13
10	1	384	10	2
10	1	384	11	0
10	1	384	12	0
10	1	384	13	0
10	1	384	20	2
10	1	384	21	0
10	1	384	22	0
10	1	384	23	0
10	1	384	110	5
10	1	384	111	5
10	1	384	112	1
10	1	384	113	0
10	1	384	120	10
10	1	384	121	6
10	1	384	122	1
10	1	384	123	0
10	1	385	110	0
10	1	385	111	0
10	1	385	112	1
10	1	385	113	0
10	1	385	120	1
10	1	385	121	1
10	1	385	122	1
10	1	385	123	0
10	1	387	110	0
10	1	387	111	0
10	1	387	112	0
10	1	387	113	0
10	1	387	120	1
10	1	387	121	0
10	1	387	122	0
10	1	387	123	0
10	1	389	10	0
10	1	389	11	0
10	1	389	12	1
10	1	389	13	0
10	1	389	20	1
10	1	389	21	1
10	1	389	22	1
10	1	389	23	0
10	1	389	110	4
10	1	389	111	4
10	1	389	112	8
10	1	389	113	1
10	1	389	120	16
10	1	389	121	13
10	1	389	122	9
10	1	389	123	1
10	1	390	10	0
10	1	390	11	0
10	1	390	12	0
10	1	390	13	1
10	1	390	20	1
10	1	390	21	1
10	1	390	22	1
10	1	390	23	1
10	1	390	110	3
10	1	390	111	3
10	1	390	112	3
10	1	390	113	3
10	1	390	120	9
10	1	390	121	9
10	1	390	122	6
10	1	390	123	3
10	1	391	10	0
10	1	391	11	1
10	1	391	12	0
10	1	391	13	0
10	1	391	20	1
10	1	391	21	1
10	1	391	22	0
10	1	391	23	0
10	1	391	110	5
10	1	391	111	5
10	1	391	112	0
10	1	391	113	0
10	1	391	120	10
10	1	391	121	5
10	1	391	122	0
10	1	391	123	0
10	1	392	110	3
10	1	392	111	3
10	1	392	112	3
10	1	392	113	0
10	1	392	120	7
10	1	392	121	6
10	1	392	122	3
10	1	392	123	0
